GAME_ID,GAME_DATE,GAME_DATETIME_EST,HOME_TEAM_ABBREVIATION,AWAY_TEAM_ABBREVIATION,HOME_TEAM_ID,AWAY_TEAM_ID,GAME_LABEL,GAME_STATUS,HOME_SCORE,AWAY_SCORE,ARENA
0022600001,2026-10-20,2026-10-20 15:00:00+00:00,DET,BOS,1610612765,1610612738,Regular Season,1,0,0,Little Caesars Arena
0022600002,2026-10-20,2026-10-20 19:00:00+00:00,NYK,PHI,1610612752,1610612755,Regular Season,1,0,0,Madison Square Garden
0022600003,2026-10-20,2026-10-20 21:30:00+00:00,SAS,OKC,1610612759,1610612760,Regular Season,1,0,0,Frost Bank Center
0022600093,2026-10-21,2026-10-21 22:30:00+00:00,LAC,SAC,1610612746,1610612758,Regular Season,1,0,0,Intuit Dome
0022600092,2026-10-21,2026-10-21 22:00:00+00:00,POR,PHX,1610612757,1610612756,Regular Season,1,0,0,Moda Center
0022600091,2026-10-21,2026-10-21 20:30:00+00:00,HOU,DAL,1610612745,1610612742,Regular Season,1,0,0,Toyota Center
0022600089,2026-10-21,2026-10-21 20:00:00+00:00,MEM,UTA,1610612763,1610612762,Regular Season,1,0,0,FedExForum
0022600088,2026-10-21,2026-10-21 19:30:00+00:00,TOR,CHI,1610612761,1610612741,Regular Season,1,0,0,Scotiabank Arena
0022600090,2026-10-21,2026-10-21 20:00:00+00:00,NOP,IND,1610612740,1610612754,Regular Season,1,0,0,Smoothie King Center
0022600086,2026-10-21,2026-10-21 19:00:00+00:00,WAS,MIL,1610612764,1610612749,Regular Season,1,0,0,Capital One Arena
0022600085,2026-10-21,2026-10-21 19:00:00+00:00,ORL,ATL,1610612753,1610612737,Regular Season,1,0,0,Kia Center
0022600005,2026-10-21,2026-10-21 22:00:00+00:00,LAL,GSW,1610612747,1610612744,Regular Season,1,0,0,Crypto.com Arena
0022600004,2026-10-21,2026-10-21 19:30:00+00:00,MIA,MIN,1610612748,1610612750,Regular Season,1,0,0,Kaseya Center
0022600087,2026-10-21,2026-10-21 19:30:00+00:00,BKN,CHA,1610612751,1610612766,Regular Season,1,0,0,Barclays Center
0022600006,2026-10-22,2026-10-22 19:00:00+00:00,PHI,CLE,1610612755,1610612739,Regular Season,1,0,0,Xfinity Mobile Arena
0022600007,2026-10-22,2026-10-22 21:30:00+00:00,OKC,DEN,1610612760,1610612743,Regular Season,1,0,0,Paycom Center
0022600099,2026-10-23,2026-10-23 20:00:00+00:00,MIL,CHI,1610612749,1610612741,Regular Season,1,0,0,Fiserv Forum
0022600103,2026-10-23,2026-10-23 22:00:00+00:00,SAC,POR,1610612758,1610612757,Regular Season,1,0,0,Golden 1 Center
0022600102,2026-10-23,2026-10-23 22:00:00+00:00,LAL,LAC,1610612747,1610612746,Regular Season,1,0,0,Crypto.com Arena
0022600101,2026-10-23,2026-10-23 22:00:00+00:00,GSW,MEM,1610612744,1610612763,Regular Season,1,0,0,Chase Center
0022600100,2026-10-23,2026-10-23 21:30:00+00:00,UTA,NOP,1610612762,1610612740,Regular Season,1,0,0,Delta Center
0022600098,2026-10-23,2026-10-23 20:00:00+00:00,MIA,DET,1610612748,1610612765,Regular Season,1,0,0,Kaseya Center
0022600095,2026-10-23,2026-10-23 19:00:00+00:00,IND,DAL,1610612754,1610612742,Regular Season,1,0,0,Gainbridge Fieldhouse
0022600096,2026-10-23,2026-10-23 19:00:00+00:00,ORL,MIN,1610612753,1610612750,Regular Season,1,0,0,Kia Center
0022600094,2026-10-23,2026-10-23 19:00:00+00:00,CHA,ATL,1610612766,1610612737,Regular Season,1,0,0,Spectrum Center
0022600009,2026-10-23,2026-10-23 21:30:00+00:00,SAS,HOU,1610612759,1610612745,Regular Season,1,0,0,Moody Center
0022600008,2026-10-23,2026-10-23 19:00:00+00:00,BOS,NYK,1610612738,1610612752,Regular Season,1,0,0,TD Garden
0022600097,2026-10-23,2026-10-23 19:00:00+00:00,WAS,TOR,1610612764,1610612761,Regular Season,1,0,0,Capital One Arena
0022600104,2026-10-24,2026-10-24 18:00:00+00:00,CHA,MIA,1610612766,1610612748,Regular Season,1,0,0,Spectrum Center
0022600105,2026-10-24,2026-10-24 19:30:00+00:00,CLE,BKN,1610612739,1610612751,Regular Season,1,0,0,Rocket Arena
0022600106,2026-10-24,2026-10-24 19:30:00+00:00,PHI,MIL,1610612755,1610612749,Regular Season,1,0,0,Xfinity Mobile Arena
0022600107,2026-10-24,2026-10-24 20:00:00+00:00,ATL,HOU,1610612737,1610612745,Regular Season,1,0,0,State Farm Arena
0022600108,2026-10-24,2026-10-24 20:00:00+00:00,CHI,WAS,1610612741,1610612764,Regular Season,1,0,0,United Center
0022600109,2026-10-24,2026-10-24 20:00:00+00:00,DAL,SAS,1610612742,1610612759,Regular Season,1,0,0,American Airlines Center
0022600110,2026-10-24,2026-10-24 21:00:00+00:00,DEN,NOP,1610612743,1610612740,Regular Season,1,0,0,Ball Arena
0022600111,2026-10-24,2026-10-24 22:00:00+00:00,PHX,GSW,1610612756,1610612744,Regular Season,1,0,0,Mortgage Matchup Center
0022600117,2026-10-25,2026-10-25 19:30:00+00:00,PHI,DET,1610612755,1610612765,Regular Season,1,0,0,Xfinity Mobile Arena
0022600118,2026-10-25,2026-10-25 21:00:00+00:00,SAC,MEM,1610612758,1610612763,Regular Season,1,0,0,Golden 1 Center
0022600116,2026-10-25,2026-10-25 19:00:00+00:00,OKC,LAC,1610612760,1610612746,Regular Season,1,0,0,Paycom Center
0022600113,2026-10-25,2026-10-25 18:00:00+00:00,BKN,IND,1610612751,1610612754,Regular Season,1,0,0,Barclays Center
0022600114,2026-10-25,2026-10-25 19:00:00+00:00,NYK,ORL,1610612752,1610612753,Regular Season,1,0,0,Madison Square Garden
0022600115,2026-10-25,2026-10-25 19:00:00+00:00,MIN,TOR,1610612750,1610612761,Regular Season,1,0,0,Target Center
0022600112,2026-10-25,2026-10-25 17:00:00+00:00,UTA,LAL,1610612762,1610612747,Regular Season,1,0,0,Delta Center
0022600127,2026-10-26,2026-10-26 22:00:00+00:00,DEN,GSW,1610612743,1610612744,Regular Season,1,0,0,Ball Arena
0022600125,2026-10-26,2026-10-26 20:30:00+00:00,HOU,ATL,1610612745,1610612737,Regular Season,1,0,0,Toyota Center
0022600124,2026-10-26,2026-10-26 20:00:00+00:00,OKC,PHX,1610612760,1610612756,Regular Season,1,0,0,Paycom Center
0022600123,2026-10-26,2026-10-26 20:00:00+00:00,MIL,IND,1610612749,1610612754,Regular Season,1,0,0,Fiserv Forum
0022600126,2026-10-26,2026-10-26 21:00:00+00:00,UTA,MEM,1610612762,1610612763,Regular Season,1,0,0,Delta Center
0022600121,2026-10-26,2026-10-26 19:30:00+00:00,BOS,CHI,1610612738,1610612741,Regular Season,1,0,0,TD Garden
0022600120,2026-10-26,2026-10-26 19:00:00+00:00,CLE,MIN,1610612739,1610612750,Regular Season,1,0,0,Rocket Arena
0022600119,2026-10-26,2026-10-26 19:00:00+00:00,CHA,WAS,1610612766,1610612764,Regular Season,1,0,0,Spectrum Center
0022600122,2026-10-26,2026-10-26 19:30:00+00:00,MIA,DAL,1610612748,1610612742,Regular Season,1,0,0,Kaseya Center
0022600128,2026-10-27,2026-10-27 19:30:00+00:00,BOS,BKN,1610612738,1610612751,Regular Season,1,0,0,TD Garden
0022600129,2026-10-27,2026-10-27 20:00:00+00:00,NYK,DET,1610612752,1610612765,Regular Season,1,0,0,Madison Square Garden
0022600130,2026-10-27,2026-10-27 20:00:00+00:00,SAS,SAC,1610612759,1610612758,Regular Season,1,0,0,Frost Bank Center
0022600131,2026-10-27,2026-10-27 23:00:00+00:00,LAL,POR,1610612747,1610612757,Regular Season,1,0,0,Crypto.com Arena
0022600139,2026-10-28,2026-10-28 20:00:00+00:00,MIN,GSW,1610612750,1610612744,Regular Season,1,0,0,Target Center
0022600142,2026-10-28,2026-10-28 21:30:00+00:00,DAL,OKC,1610612742,1610612760,Regular Season,1,0,0,American Airlines Center
0022600143,2026-10-28,2026-10-28 22:30:00+00:00,LAC,LAL,1610612746,1610612747,Regular Season,1,0,0,Intuit Dome
0022600141,2026-10-28,2026-10-28 21:00:00+00:00,UTA,SAS,1610612762,1610612759,Regular Season,1,0,0,Delta Center
0022600140,2026-10-28,2026-10-28 20:00:00+00:00,NOP,DEN,1610612740,1610612743,Regular Season,1,0,0,Smoothie King Center
0022600138,2026-10-28,2026-10-28 20:00:00+00:00,MIL,HOU,1610612749,1610612745,Regular Season,1,0,0,Fiserv Forum
0022600133,2026-10-28,2026-10-28 19:00:00+00:00,CLE,WAS,1610612739,1610612764,Regular Season,1,0,0,Rocket Arena
0022600136,2026-10-28,2026-10-28 19:30:00+00:00,TOR,ORL,1610612761,1610612753,Regular Season,1,0,0,Scotiabank Arena
0022600135,2026-10-28,2026-10-28 19:00:00+00:00,IND,PHI,1610612754,1610612755,Regular Season,1,0,0,Gainbridge Fieldhouse
0022600134,2026-10-28,2026-10-28 19:00:00+00:00,DET,CHA,1610612765,1610612766,Regular Season,1,0,0,Little Caesars Arena
0022600132,2026-10-28,2026-10-28 19:00:00+00:00,ATL,MIA,1610612737,1610612748,Regular Season,1,0,0,State Farm Arena
0022600137,2026-10-28,2026-10-28 20:00:00+00:00,CHI,NYK,1610612741,1610612752,Regular Season,1,0,0,United Center
0022600144,2026-10-29,2026-10-29 19:00:00+00:00,ATL,CLE,1610612737,1610612739,Regular Season,1,0,0,State Farm Arena
0022600145,2026-10-29,2026-10-29 20:00:00+00:00,NOP,SAC,1610612740,1610612758,Regular Season,1,0,0,Smoothie King Center
0022600146,2026-10-29,2026-10-29 22:00:00+00:00,POR,MEM,1610612757,1610612763,Regular Season,1,0,0,Moda Center
0022600021,2026-10-30,2026-10-30 20:00:00+00:00,DAL,HOU,1610612742,1610612745,Emirates NBA Cup,1,0,0,American Airlines Center
0022600024,2026-10-30,2026-10-30 22:00:00+00:00,PHX,DEN,1610612756,1610612743,Emirates NBA Cup,1,0,0,Mortgage Matchup Center
0022600023,2026-10-30,2026-10-30 22:00:00+00:00,GSW,LAL,1610612744,1610612747,Emirates NBA Cup,1,0,0,Chase Center
0022600022,2026-10-30,2026-10-30 20:00:00+00:00,MIN,LAC,1610612750,1610612746,Emirates NBA Cup,1,0,0,Target Center
0022600020,2026-10-30,2026-10-30 20:00:00+00:00,MIA,IND,1610612748,1610612754,Emirates NBA Cup,1,0,0,Kaseya Center
0022600018,2026-10-30,2026-10-30 19:30:00+00:00,PHI,NYK,1610612755,1610612752,Emirates NBA Cup,1,0,0,Xfinity Mobile Arena
0022600019,2026-10-30,2026-10-30 19:30:00+00:00,TOR,ORL,1610612761,1610612753,Emirates NBA Cup,1,0,0,Scotiabank Arena
0022600017,2026-10-30,2026-10-30 19:30:00+00:00,BKN,DET,1610612751,1610612765,Emirates NBA Cup,1,0,0,Barclays Center
0022600016,2026-10-30,2026-10-30 19:30:00+00:00,BOS,CHI,1610612738,1610612741,Emirates NBA Cup,1,0,0,TD Garden
0022600015,2026-10-30,2026-10-30 19:00:00+00:00,WAS,CHA,1610612764,1610612766,Emirates NBA Cup,1,0,0,Capital One Arena
0022600152,2026-10-31,2026-10-31 20:00:00+00:00,SAS,MIN,1610612759,1610612750,Regular Season,1,0,0,Frost Bank Center
0022600151,2026-10-31,2026-10-31 20:00:00+00:00,MIL,CLE,1610612749,1610612739,Regular Season,1,0,0,Fiserv Forum
0022600150,2026-10-31,2026-10-31 20:00:00+00:00,MEM,SAC,1610612763,1610612758,Regular Season,1,0,0,FedExForum
0022600153,2026-10-31,2026-10-31 20:30:00+00:00,HOU,OKC,1610612745,1610612760,Regular Season,1,0,0,Toyota Center
0022600148,2026-10-31,2026-10-31 18:00:00+00:00,CHA,PHI,1610612766,1610612755,Regular Season,1,0,0,Spectrum Center
0022600147,2026-10-31,2026-10-31 15:00:00+00:00,UTA,POR,1610612762,1610612757,Regular Season,1,0,0,Delta Center
0022600149,2026-10-31,2026-10-31 19:00:00+00:00,NOP,ATL,1610612740,1610612737,Regular Season,1,0,0,Smoothie King Center
0022600154,2026-11-01,2026-11-01 15:30:00+00:00,ORL,BOS,1610612753,1610612738,Regular Season,1,0,0,Kia Center
0022600155,2026-11-01,2026-11-01 17:00:00+00:00,IND,BKN,1610612754,1610612751,Regular Season,1,0,0,Gainbridge Fieldhouse
0022600156,2026-11-01,2026-11-01 20:30:00+00:00,GSW,LAC,1610612744,1610612746,Regular Season,1,0,0,Chase Center
0022600157,2026-11-01,2026-11-01 21:00:00+00:00,LAL,TOR,1610612747,1610612761,Regular Season,1,0,0,Crypto.com Arena
0022600167,2026-11-02,2026-11-02 20:30:00+00:00,HOU,BOS,1610612745,1610612738,Regular Season,1,0,0,Toyota Center
0022600172,2026-11-02,2026-11-02 22:00:00+00:00,LAL,MIA,1610612747,1610612748,Regular Season,1,0,0,Crypto.com Arena
0022600171,2026-11-02,2026-11-02 22:00:00+00:00,LAC,TOR,1610612746,1610612761,Regular Season,1,0,0,Intuit Dome
0022600170,2026-11-02,2026-11-02 22:00:00+00:00,GSW,PHX,1610612744,1610612756,Regular Season,1,0,0,Chase Center
0022600169,2026-11-02,2026-11-02 21:00:00+00:00,DEN,POR,1610612743,1610612757,Regular Season,1,0,0,Ball Arena
0022600168,2026-11-02,2026-11-02 20:30:00+00:00,SAS,UTA,1610612759,1610612762,Regular Season,1,0,0,Frost Bank Center
0022600166,2026-11-02,2026-11-02 20:00:00+00:00,MIN,MIL,1610612750,1610612749,Regular Season,1,0,0,Target Center
0022600161,2026-11-02,2026-11-02 19:30:00+00:00,NYK,BKN,1610612752,1610612751,Regular Season,1,0,0,Madison Square Garden
0022600164,2026-11-02,2026-11-02 20:00:00+00:00,DAL,SAC,1610612742,1610612758,Regular Season,1,0,0,American Airlines Center
0022600163,2026-11-02,2026-11-02 19:30:00+00:00,PHI,CHI,1610612755,1610612741,Regular Season,1,0,0,Xfinity Mobile Arena
0022600162,2026-11-02,2026-11-02 19:30:00+00:00,ORL,WAS,1610612753,1610612764,Regular Season,1,0,0,Kia Center
0022600160,2026-11-02,2026-11-02 19:30:00+00:00,IND,ATL,1610612754,1610612737,Regular Season,1,0,0,Gainbridge Fieldhouse
0022600159,2026-11-02,2026-11-02 19:30:00+00:00,CHA,DET,1610612766,1610612765,Regular Season,1,0,0,Spectrum Center
0022600158,2026-11-02,2026-11-02 19:00:00+00:00,CLE,OKC,1610612739,1610612760,Regular Season,1,0,0,Rocket Arena
0022600165,2026-11-02,2026-11-02 20:00:00+00:00,MEM,NOP,1610612763,1610612740,Regular Season,1,0,0,FedExForum
0022600181,2026-11-04,2026-11-04 20:30:00+00:00,HOU,MIN,1610612745,1610612750,Regular Season,1,0,0,Toyota Center
0022600186,2026-11-04,2026-11-04 22:30:00+00:00,LAC,MIA,1610612746,1610612748,Regular Season,1,0,0,Intuit Dome
0022600185,2026-11-04,2026-11-04 22:00:00+00:00,SAC,LAL,1610612758,1610612747,Regular Season,1,0,0,Golden 1 Center
0022600184,2026-11-04,2026-11-04 21:30:00+00:00,SAS,DAL,1610612759,1610612742,Regular Season,1,0,0,Frost Bank Center
0022600183,2026-11-04,2026-11-04 21:00:00+00:00,PHX,POR,1610612756,1610612757,Regular Season,1,0,0,Mortgage Matchup Center
0022600182,2026-11-04,2026-11-04 21:00:00+00:00,DEN,TOR,1610612743,1610612761,Regular Season,1,0,0,Ball Arena
0022600179,2026-11-04,2026-11-04 20:00:00+00:00,NOP,UTA,1610612740,1610612762,Regular Season,1,0,0,Smoothie King Center
0022600177,2026-11-04,2026-11-04 19:30:00+00:00,NYK,CHI,1610612752,1610612741,Regular Season,1,0,0,Madison Square Garden
0022600178,2026-11-04,2026-11-04 20:00:00+00:00,MEM,IND,1610612763,1610612754,Regular Season,1,0,0,FedExForum
0022600176,2026-11-04,2026-11-04 19:30:00+00:00,BKN,CHA,1610612751,1610612766,Regular Season,1,0,0,Barclays Center
0022600175,2026-11-04,2026-11-04 19:30:00+00:00,BOS,MIL,1610612738,1610612749,Regular Season,1,0,0,TD Garden
0022600174,2026-11-04,2026-11-04 19:00:00+00:00,WAS,ATL,1610612764,1610612737,Regular Season,1,0,0,Capital One Arena
0022600173,2026-11-04,2026-11-04 19:00:00+00:00,DET,PHI,1610612765,1610612755,Regular Season,1,0,0,Little Caesars Arena
0022600180,2026-11-04,2026-11-04 20:00:00+00:00,OKC,CLE,1610612760,1610612739,Regular Season,1,0,0,Paycom Center
0022600187,2026-11-05,2026-11-05 21:00:00+00:00,PHX,ORL,1610612756,1610612753,Regular Season,1,0,0,Mortgage Matchup Center
0022600188,2026-11-05,2026-11-05 22:00:00+00:00,GSW,MIA,1610612744,1610612748,Regular Season,1,0,0,Chase Center
0022600033,2026-11-06,2026-11-06 22:00:00+00:00,SAC,SAS,1610612758,1610612759,Emirates NBA Cup,1,0,0,Golden 1 Center
0022600031,2026-11-06,2026-11-06 20:00:00+00:00,NOP,MIN,1610612740,1610612750,Emirates NBA Cup,1,0,0,Smoothie King Center
0022600030,2026-11-06,2026-11-06 20:00:00+00:00,MIL,TOR,1610612749,1610612761,Emirates NBA Cup,1,0,0,Fiserv Forum
0022600029,2026-11-06,2026-11-06 20:00:00+00:00,MEM,OKC,1610612763,1610612760,Emirates NBA Cup,1,0,0,FedExForum
0022600032,2026-11-06,2026-11-06 22:00:00+00:00,LAL,POR,1610612747,1610612757,Emirates NBA Cup,1,0,0,Crypto.com Arena
0022600027,2026-11-06,2026-11-06 19:30:00+00:00,CLE,PHI,1610612739,1610612755,Emirates NBA Cup,1,0,0,Rocket Arena
0022600026,2026-11-06,2026-11-06 19:00:00+00:00,CHA,BOS,1610612766,1610612738,Emirates NBA Cup,1,0,0,Spectrum Center
0022600025,2026-11-06,2026-11-06 19:00:00+00:00,ATL,WAS,1610612737,1610612764,Emirates NBA Cup,1,0,0,State Farm Arena
0022600028,2026-11-06,2026-11-06 20:00:00+00:00,DAL,UTA,1610612742,1610612762,Emirates NBA Cup,1,0,0,American Airlines Center
0022600195,2026-11-07,2026-11-07 22:00:00+00:00,POR,SAS,1610612757,1610612759,Regular Season,1,0,0,Moda Center
0022600193,2026-11-07,2026-11-07 20:30:00+00:00,GSW,ORL,1610612744,1610612753,Regular Season,1,0,0,Chase Center
0022600192,2026-11-07,2026-11-07 20:00:00+00:00,OKC,WAS,1610612760,1610612764,Regular Season,1,0,0,Paycom Center
0022600194,2026-11-07,2026-11-07 21:00:00+00:00,PHX,HOU,1610612756,1610612745,Regular Season,1,0,0,Mortgage Matchup Center
0022600190,2026-11-07,2026-11-07 19:30:00+00:00,ATL,BKN,1610612737,1610612751,Regular Season,1,0,0,State Farm Arena
0022600189,2026-11-07,2026-11-07 17:00:00+00:00,IND,DEN,1610612754,1610612743,NBA Mexico City Game,1,0,0,Arena CDMX
0022600191,2026-11-07,2026-11-07 20:00:00+00:00,CLE,NYK,1610612739,1610612752,Regular Season,1,0,0,Rocket Arena
0022600202,2026-11-08,2026-11-08 21:00:00+00:00,SAC,MIA,1610612758,1610612748,Regular Season,1,0,0,Golden 1 Center
0022600196,2026-11-08,2026-11-08 15:30:00+00:00,CHI,PHI,1610612741,1610612755,Regular Season,1,0,0,United Center
0022600197,2026-11-08,2026-11-08 18:00:00+00:00,DET,LAL,1610612765,1610612747,Regular Season,1,0,0,Little Caesars Arena
0022600198,2026-11-08,2026-11-08 19:00:00+00:00,MIN,UTA,1610612750,1610612762,Regular Season,1,0,0,Target Center
0022600199,2026-11-08,2026-11-08 19:30:00+00:00,DAL,BKN,1610612742,1610612751,Regular Season,1,0,0,American Airlines Center
0022600200,2026-11-08,2026-11-08 20:00:00+00:00,MIL,BOS,1610612749,1610612738,Regular Season,1,0,0,Fiserv Forum
0022600201,2026-11-08,2026-11-08 21:00:00+00:00,LAC,NOP,1610612746,1610612740,Regular Season,1,0,0,Intuit Dome
0022600209,2026-11-09,2026-11-09 21:00:00+00:00,PHX,SAS,1610612756,1610612759,Regular Season,1,0,0,Mortgage Matchup Center
0022600208,2026-11-09,2026-11-09 20:30:00+00:00,HOU,DEN,1610612745,1610612743,Regular Season,1,0,0,Toyota Center
0022600210,2026-11-09,2026-11-09 22:00:00+00:00,GSW,NOP,1610612744,1610612740,Regular Season,1,0,0,Chase Center
0022600207,2026-11-09,2026-11-09 20:00:00+00:00,DAL,IND,1610612742,1610612754,Regular Season,1,0,0,American Airlines Center
0022600206,2026-11-09,2026-11-09 19:30:00+00:00,TOR,MEM,1610612761,1610612763,Regular Season,1,0,0,Scotiabank Arena
0022600205,2026-11-09,2026-11-09 19:00:00+00:00,DET,WAS,1610612765,1610612764,Regular Season,1,0,0,Little Caesars Arena
0022600204,2026-11-09,2026-11-09 19:00:00+00:00,CHA,CLE,1610612766,1610612739,Regular Season,1,0,0,Spectrum Center
0022600203,2026-11-09,2026-11-09 19:00:00+00:00,ATL,LAL,1610612737,1610612747,Regular Season,1,0,0,State Farm Arena
0022600211,2026-11-10,2026-11-10 19:30:00+00:00,NYK,MIL,1610612752,1610612749,Regular Season,1,0,0,Madison Square Garden
0022600212,2026-11-10,2026-11-10 20:00:00+00:00,PHI,BOS,1610612755,1610612738,Regular Season,1,0,0,Xfinity Mobile Arena
0022600213,2026-11-10,2026-11-10 21:00:00+00:00,PHX,LAC,1610612756,1610612746,Regular Season,1,0,0,Mortgage Matchup Center
0022600214,2026-11-10,2026-11-10 21:00:00+00:00,UTA,MIA,1610612762,1610612748,Regular Season,1,0,0,Delta Center
0022600215,2026-11-10,2026-11-10 22:00:00+00:00,SAC,ORL,1610612758,1610612753,Regular Season,1,0,0,Golden 1 Center
0022600216,2026-11-10,2026-11-10 23:00:00+00:00,POR,OKC,1610612757,1610612760,Regular Season,1,0,0,Moda Center
0022600226,2026-11-11,2026-11-11 22:00:00+00:00,POR,OKC,1610612757,1610612760,Regular Season,1,0,0,Moda Center
0022600225,2026-11-11,2026-11-11 21:30:00+00:00,HOU,GSW,1610612745,1610612744,Regular Season,1,0,0,Toyota Center
0022600223,2026-11-11,2026-11-11 20:00:00+00:00,NOP,BKN,1610612740,1610612751,Regular Season,1,0,0,Smoothie King Center
0022600222,2026-11-11,2026-11-11 20:00:00+00:00,MIL,LAL,1610612749,1610612747,Regular Season,1,0,0,Fiserv Forum
0022600224,2026-11-11,2026-11-11 21:00:00+00:00,UTA,ORL,1610612762,1610612753,Regular Season,1,0,0,Delta Center
0022600220,2026-11-11,2026-11-11 20:00:00+00:00,CHI,SAS,1610612741,1610612759,Regular Season,1,0,0,United Center
0022600219,2026-11-11,2026-11-11 19:00:00+00:00,TOR,BOS,1610612761,1610612738,Regular Season,1,0,0,Scotiabank Arena
0022600218,2026-11-11,2026-11-11 19:00:00+00:00,NYK,CLE,1610612752,1610612739,Regular Season,1,0,0,Madison Square Garden
0022600217,2026-11-11,2026-11-11 19:00:00+00:00,IND,WAS,1610612754,1610612764,Regular Season,1,0,0,Gainbridge Fieldhouse
0022600221,2026-11-11,2026-11-11 20:00:00+00:00,MEM,DEN,1610612763,1610612743,Regular Season,1,0,0,FedExForum
0022600227,2026-11-12,2026-11-12 19:00:00+00:00,PHI,TOR,1610612755,1610612761,Regular Season,1,0,0,Xfinity Mobile Arena
0022600228,2026-11-12,2026-11-12 19:00:00+00:00,WAS,DET,1610612764,1610612765,Regular Season,1,0,0,Capital One Arena
0022600229,2026-11-12,2026-11-12 20:00:00+00:00,MIN,DAL,1610612750,1610612742,Regular Season,1,0,0,Target Center
0022600230,2026-11-12,2026-11-12 21:00:00+00:00,PHX,CHA,1610612756,1610612766,Regular Season,1,0,0,Mortgage Matchup Center
0022600042,2026-11-13,2026-11-13 22:30:00+00:00,LAC,OKC,1610612746,1610612760,Emirates NBA Cup,1,0,0,Intuit Dome
0022600041,2026-11-13,2026-11-13 22:00:00+00:00,SAC,POR,1610612758,1610612757,Emirates NBA Cup,1,0,0,Golden 1 Center
0022600040,2026-11-13,2026-11-13 21:30:00+00:00,SAS,GSW,1610612759,1610612744,Emirates NBA Cup,1,0,0,Frost Bank Center
0022600039,2026-11-13,2026-11-13 20:30:00+00:00,HOU,UTA,1610612745,1610612762,Emirates NBA Cup,1,0,0,Toyota Center
0022600034,2026-11-13,2026-11-13 19:00:00+00:00,IND,NYK,1610612754,1610612752,Emirates NBA Cup,1,0,0,Gainbridge Fieldhouse
0022600037,2026-11-13,2026-11-13 20:00:00+00:00,CHI,ATL,1610612741,1610612737,Emirates NBA Cup,1,0,0,United Center
0022600036,2026-11-13,2026-11-13 20:00:00+00:00,MIA,CLE,1610612748,1610612739,Emirates NBA Cup,1,0,0,Kaseya Center
0022600035,2026-11-13,2026-11-13 19:00:00+00:00,ORL,MIL,1610612753,1610612749,Emirates NBA Cup,1,0,0,Kia Center
0022600038,2026-11-13,2026-11-13 20:00:00+00:00,NOP,MEM,1610612740,1610612763,Emirates NBA Cup,1,0,0,Smoothie King Center
0022600235,2026-11-14,2026-11-14 20:00:00+00:00,MIN,CHI,1610612750,1610612741,Regular Season,1,0,0,Target Center
0022600233,2026-11-14,2026-11-14 20:00:00+00:00,MIA,DET,1610612748,1610612765,Regular Season,1,0,0,Kaseya Center
0022600234,2026-11-14,2026-11-14 20:00:00+00:00,MEM,BKN,1610612763,1610612751,Regular Season,1,0,0,FedExForum
0022600231,2026-11-14,2026-11-14 19:00:00+00:00,NOP,DEN,1610612740,1610612743,Regular Season,1,0,0,Smoothie King Center
0022600232,2026-11-14,2026-11-14 19:30:00+00:00,CLE,DAL,1610612739,1610612742,Regular Season,1,0,0,Rocket Arena
0022600236,2026-11-15,2026-11-15 13:00:00+00:00,PHI,IND,1610612755,1610612754,Regular Season,1,0,0,Xfinity Mobile Arena
0022600237,2026-11-15,2026-11-15 16:00:00+00:00,PHX,LAL,1610612756,1610612747,Regular Season,1,0,0,Mortgage Matchup Center
0022600238,2026-11-15,2026-11-15 16:30:00+00:00,LAC,CHA,1610612746,1610612766,Regular Season,1,0,0,Intuit Dome
0022600239,2026-11-15,2026-11-15 17:00:00+00:00,UTA,SAS,1610612762,1610612759,Regular Season,1,0,0,Delta Center
0022600240,2026-11-15,2026-11-15 18:00:00+00:00,BOS,DAL,1610612738,1610612742,Regular Season,1,0,0,TD Garden
0022600241,2026-11-15,2026-11-15 18:00:00+00:00,TOR,NYK,1610612761,1610612752,Regular Season,1,0,0,Scotiabank Arena
0022600242,2026-11-15,2026-11-15 19:00:00+00:00,WAS,HOU,1610612764,1610612745,Regular Season,1,0,0,Capital One Arena
0022600243,2026-11-15,2026-11-15 20:00:00+00:00,MIL,ATL,1610612749,1610612737,Regular Season,1,0,0,Fiserv Forum
0022600244,2026-11-15,2026-11-15 21:00:00+00:00,SAC,OKC,1610612758,1610612760,Regular Season,1,0,0,Golden 1 Center
0022600252,2026-11-16,2026-11-16 21:00:00+00:00,DEN,PHX,1610612743,1610612756,Regular Season,1,0,0,Ball Arena
0022600251,2026-11-16,2026-11-16 20:00:00+00:00,NOP,GSW,1610612740,1610612744,Regular Season,1,0,0,Smoothie King Center
0022600250,2026-11-16,2026-11-16 20:00:00+00:00,MIN,POR,1610612750,1610612757,Regular Season,1,0,0,Target Center
0022600249,2026-11-16,2026-11-16 19:30:00+00:00,MIA,HOU,1610612748,1610612745,Regular Season,1,0,0,Kaseya Center
0022600248,2026-11-16,2026-11-16 19:30:00+00:00,BKN,PHI,1610612751,1610612755,Regular Season,1,0,0,Barclays Center
0022600247,2026-11-16,2026-11-16 19:00:00+00:00,WAS,MEM,1610612764,1610612763,Regular Season,1,0,0,Capital One Arena
0022600246,2026-11-16,2026-11-16 19:00:00+00:00,CLE,CHI,1610612739,1610612741,Regular Season,1,0,0,Rocket Arena
0022600245,2026-11-16,2026-11-16 19:00:00+00:00,BOS,ORL,1610612738,1610612753,Regular Season,1,0,0,TD Garden
0022600253,2026-11-17,2026-11-17 19:30:00+00:00,TOR,NYK,1610612761,1610612752,Regular Season,1,0,0,Scotiabank Arena
0022600254,2026-11-17,2026-11-17 20:00:00+00:00,MIN,POR,1610612750,1610612757,Regular Season,1,0,0,Target Center
0022600255,2026-11-17,2026-11-17 20:00:00+00:00,SAS,DET,1610612759,1610612765,Regular Season,1,0,0,Frost Bank Center
0022600256,2026-11-17,2026-11-17 22:00:00+00:00,LAL,CHA,1610612747,1610612766,Regular Season,1,0,0,Crypto.com Arena
0022600257,2026-11-17,2026-11-17 23:00:00+00:00,LAC,UTA,1610612746,1610612762,Regular Season,1,0,0,Intuit Dome
0022600268,2026-11-18,2026-11-18 22:00:00+00:00,LAL,UTA,1610612747,1610612762,Regular Season,1,0,0,Crypto.com Arena
0022600267,2026-11-18,2026-11-18 21:30:00+00:00,DAL,GSW,1610612742,1610612744,Regular Season,1,0,0,American Airlines Center
0022600266,2026-11-18,2026-11-18 21:00:00+00:00,DEN,BOS,1610612743,1610612738,Regular Season,1,0,0,Ball Arena
0022600265,2026-11-18,2026-11-18 20:00:00+00:00,OKC,ATL,1610612760,1610612737,Regular Season,1,0,0,Paycom Center
0022600264,2026-11-18,2026-11-18 20:00:00+00:00,NOP,DET,1610612740,1610612765,Regular Season,1,0,0,Smoothie King Center
0022600269,2026-11-18,2026-11-18 22:00:00+00:00,SAC,PHX,1610612758,1610612756,Regular Season,1,0,0,Golden 1 Center
0022600262,2026-11-18,2026-11-18 19:30:00+00:00,BKN,CHI,1610612751,1610612741,Regular Season,1,0,0,Barclays Center
0022600261,2026-11-18,2026-11-18 19:00:00+00:00,ORL,PHI,1610612753,1610612755,Regular Season,1,0,0,Kia Center
0022600260,2026-11-18,2026-11-18 19:00:00+00:00,MIA,MIL,1610612748,1610612749,Regular Season,1,0,0,Kaseya Center
0022600259,2026-11-18,2026-11-18 19:00:00+00:00,IND,HOU,1610612754,1610612745,Regular Season,1,0,0,Gainbridge Fieldhouse
0022600258,2026-11-18,2026-11-18 19:00:00+00:00,CLE,MEM,1610612739,1610612763,Regular Season,1,0,0,Rocket Arena
0022600263,2026-11-18,2026-11-18 19:30:00+00:00,TOR,WAS,1610612761,1610612764,Regular Season,1,0,0,Scotiabank Arena
0022600273,2026-11-19,2026-11-19 20:00:00+00:00,SAS,LAC,1610612759,1610612746,Regular Season,1,0,0,Frost Bank Center
0022600272,2026-11-19,2026-11-19 20:00:00+00:00,MIN,NYK,1610612750,1610612752,Regular Season,1,0,0,Target Center
0022600271,2026-11-19,2026-11-19 20:00:00+00:00,MIL,POR,1610612749,1610612757,Regular Season,1,0,0,Fiserv Forum
0022600270,2026-11-19,2026-11-19 20:00:00+00:00,MEM,GSW,1610612763,1610612744,Regular Season,1,0,0,FedExForum
0022600050,2026-11-20,2026-11-20 22:00:00+00:00,DEN,HOU,1610612743,1610612745,Emirates NBA Cup,1,0,0,Ball Arena
0022600049,2026-11-20,2026-11-20 21:30:00+00:00,UTA,PHX,1610612762,1610612756,Emirates NBA Cup,1,0,0,Delta Center
0022600048,2026-11-20,2026-11-20 20:00:00+00:00,OKC,NOP,1610612760,1610612740,Emirates NBA Cup,1,0,0,Paycom Center
0022600047,2026-11-20,2026-11-20 20:00:00+00:00,CHI,WAS,1610612741,1610612764,Emirates NBA Cup,1,0,0,United Center
0022600051,2026-11-20,2026-11-20 22:00:00+00:00,LAL,SAC,1610612747,1610612758,Emirates NBA Cup,1,0,0,Crypto.com Arena
0022600045,2026-11-20,2026-11-20 19:30:00+00:00,CLE,IND,1610612739,1610612754,Emirates NBA Cup,1,0,0,Rocket Arena
0022600044,2026-11-20,2026-11-20 19:30:00+00:00,BKN,ORL,1610612751,1610612753,Emirates NBA Cup,1,0,0,Barclays Center
0022600043,2026-11-20,2026-11-20 19:00:00+00:00,ATL,CHA,1610612737,1610612766,Emirates NBA Cup,1,0,0,State Farm Arena
0022600046,2026-11-20,2026-11-20 19:30:00+00:00,DET,TOR,1610612765,1610612761,Emirates NBA Cup,1,0,0,Little Caesars Arena
0022600274,2026-11-21,2026-11-21 13:00:00+00:00,PHI,MIL,1610612755,1610612749,Regular Season,1,0,0,Xfinity Mobile Arena
0022600275,2026-11-21,2026-11-21 19:30:00+00:00,NYK,POR,1610612752,1610612757,Regular Season,1,0,0,Madison Square Garden
0022600276,2026-11-21,2026-11-21 20:00:00+00:00,DAL,LAC,1610612742,1610612746,Regular Season,1,0,0,American Airlines Center
0022600277,2026-11-21,2026-11-21 20:00:00+00:00,MIN,MEM,1610612750,1610612763,Regular Season,1,0,0,Target Center
0022600278,2026-11-21,2026-11-21 20:00:00+00:00,SAS,NOP,1610612759,1610612740,Regular Season,1,0,0,Frost Bank Center
0022600279,2026-11-21,2026-11-21 22:00:00+00:00,SAC,BOS,1610612758,1610612738,Regular Season,1,0,0,Golden 1 Center
0022600284,2026-11-22,2026-11-22 19:00:00+00:00,UTA,DAL,1610612762,1610612742,Regular Season,1,0,0,Delta Center
0022600286,2026-11-22,2026-11-22 20:30:00+00:00,GSW,BOS,1610612744,1610612738,Regular Season,1,0,0,Chase Center
0022600285,2026-11-22,2026-11-22 20:00:00+00:00,NYK,IND,1610612752,1610612754,Regular Season,1,0,0,Madison Square Garden
0022600283,2026-11-22,2026-11-22 19:00:00+00:00,CHI,DEN,1610612741,1610612743,Regular Season,1,0,0,United Center
0022600280,2026-11-22,2026-11-22 15:30:00+00:00,ATL,DET,1610612737,1610612765,Regular Season,1,0,0,State Farm Arena
0022600281,2026-11-22,2026-11-22 18:00:00+00:00,MIA,OKC,1610612748,1610612760,Regular Season,1,0,0,Kaseya Center
0022600282,2026-11-22,2026-11-22 19:00:00+00:00,WAS,ORL,1610612764,1610612753,Regular Season,1,0,0,Capital One Arena
0022600296,2026-11-23,2026-11-23 22:00:00+00:00,SAC,SAS,1610612758,1610612759,Regular Season,1,0,0,Golden 1 Center
0022600287,2026-11-23,2026-11-23 19:00:00+00:00,CHA,MEM,1610612766,1610612763,Regular Season,1,0,0,Spectrum Center
0022600288,2026-11-23,2026-11-23 19:00:00+00:00,PHI,POR,1610612755,1610612757,Regular Season,1,0,0,Xfinity Mobile Arena
0022600289,2026-11-23,2026-11-23 19:30:00+00:00,IND,OKC,1610612754,1610612760,Regular Season,1,0,0,Gainbridge Fieldhouse
0022600290,2026-11-23,2026-11-23 19:30:00+00:00,TOR,MIL,1610612761,1610612749,Regular Season,1,0,0,Scotiabank Arena
0022600291,2026-11-23,2026-11-23 19:30:00+00:00,MIN,BKN,1610612750,1610612751,Regular Season,1,0,0,Target Center
0022600292,2026-11-23,2026-11-23 20:00:00+00:00,CHI,CLE,1610612741,1610612739,Regular Season,1,0,0,United Center
0022600293,2026-11-23,2026-11-23 20:00:00+00:00,NOP,PHX,1610612740,1610612756,Regular Season,1,0,0,Smoothie King Center
0022600294,2026-11-23,2026-11-23 20:30:00+00:00,HOU,LAC,1610612745,1610612746,Regular Season,1,0,0,Toyota Center
0022600295,2026-11-23,2026-11-23 22:00:00+00:00,LAL,UTA,1610612747,1610612762,Regular Season,1,0,0,Crypto.com Arena
0022600054,2026-11-24,2026-11-24 22:00:00+00:00,DEN,DAL,1610612743,1610612742,Emirates NBA Cup,1,0,0,Ball Arena
0022600053,2026-11-24,2026-11-24 20:00:00+00:00,WAS,BOS,1610612764,1610612738,Emirates NBA Cup,1,0,0,Capital One Arena
0022600052,2026-11-24,2026-11-24 19:00:00+00:00,ORL,DET,1610612753,1610612765,Emirates NBA Cup,1,0,0,Kia Center
0022600061,2026-11-25,2026-11-25 20:30:00+00:00,HOU,PHX,1610612745,1610612756,Emirates NBA Cup,1,0,0,Toyota Center
0022600062,2026-11-25,2026-11-25 22:00:00+00:00,GSW,SAC,1610612744,1610612758,Emirates NBA Cup,1,0,0,Chase Center
0022600063,2026-11-25,2026-11-25 22:00:00+00:00,POR,SAS,1610612757,1610612759,Emirates NBA Cup,1,0,0,Moda Center
0022600060,2026-11-25,2026-11-25 20:00:00+00:00,MIL,BKN,1610612749,1610612751,Emirates NBA Cup,1,0,0,Fiserv Forum
0022600055,2026-11-25,2026-11-25 17:00:00+00:00,PHI,MIA,1610612755,1610612748,Emirates NBA Cup,1,0,0,Xfinity Mobile Arena
0022600058,2026-11-25,2026-11-25 19:30:00+00:00,OKC,MIN,1610612760,1610612750,Emirates NBA Cup,1,0,0,Paycom Center
0022600057,2026-11-25,2026-11-25 19:30:00+00:00,NYK,CLE,1610612752,1610612739,Emirates NBA Cup,1,0,0,Madison Square Garden
0022600056,2026-11-25,2026-11-25 19:00:00+00:00,CHA,CHI,1610612766,1610612741,Emirates NBA Cup,1,0,0,Spectrum Center
0022600059,2026-11-25,2026-11-25 20:00:00+00:00,MEM,LAC,1610612763,1610612746,Emirates NBA Cup,1,0,0,FedExForum
0022600073,2026-11-27,2026-11-27 21:30:00+00:00,LAC,NOP,1610612746,1610612740,Emirates NBA Cup,1,0,0,Intuit Dome
0022600072,2026-11-27,2026-11-27 21:30:00+00:00,UTA,DEN,1610612762,1610612743,Emirates NBA Cup,1,0,0,Delta Center
0022600071,2026-11-27,2026-11-27 21:30:00+00:00,SAS,LAL,1610612759,1610612747,Emirates NBA Cup,1,0,0,Frost Bank Center
0022600070,2026-11-27,2026-11-27 21:00:00+00:00,PHX,DAL,1610612756,1610612742,Emirates NBA Cup,1,0,0,Mortgage Matchup Center
0022600069,2026-11-27,2026-11-27 20:30:00+00:00,MIN,MEM,1610612750,1610612763,Emirates NBA Cup,1,0,0,Target Center
0022600074,2026-11-27,2026-11-27 21:30:00+00:00,POR,GSW,1610612757,1610612744,Emirates NBA Cup,1,0,0,Moda Center
0022600067,2026-11-27,2026-11-27 19:30:00+00:00,TOR,BKN,1610612761,1610612751,Emirates NBA Cup,1,0,0,Scotiabank Arena
0022600066,2026-11-27,2026-11-27 19:30:00+00:00,IND,PHI,1610612754,1610612755,Emirates NBA Cup,1,0,0,Gainbridge Fieldhouse
0022600065,2026-11-27,2026-11-27 19:30:00+00:00,DET,MIL,1610612765,1610612749,Emirates NBA Cup,1,0,0,Little Caesars Arena
0022600064,2026-11-27,2026-11-27 19:00:00+00:00,NYK,MIA,1610612752,1610612748,Emirates NBA Cup,1,0,0,Madison Square Garden
0022600068,2026-11-27,2026-11-27 20:00:00+00:00,BOS,ATL,1610612738,1610612737,Emirates NBA Cup,1,0,0,TD Garden
0022600300,2026-11-28,2026-11-28 20:00:00+00:00,MIL,OKC,1610612749,1610612760,Regular Season,1,0,0,Fiserv Forum
0022600299,2026-11-28,2026-11-28 20:00:00+00:00,CHI,IND,1610612741,1610612754,Regular Season,1,0,0,United Center
0022600301,2026-11-28,2026-11-28 20:30:00+00:00,HOU,PHI,1610612745,1610612755,Regular Season,1,0,0,Toyota Center
0022600297,2026-11-28,2026-11-28 17:00:00+00:00,WAS,ORL,1610612764,1610612753,Regular Season,1,0,0,Capital One Arena
0022600298,2026-11-28,2026-11-28 18:00:00+00:00,CHA,BKN,1610612766,1610612751,Regular Season,1,0,0,Spectrum Center
0022600310,2026-11-29,2026-11-29 20:30:00+00:00,GSW,LAC,1610612744,1610612746,Regular Season,1,0,0,Chase Center
0022600302,2026-11-29,2026-11-29 16:00:00+00:00,MEM,LAL,1610612763,1610612747,Regular Season,1,0,0,FedExForum
0022600303,2026-11-29,2026-11-29 16:00:00+00:00,SAS,BOS,1610612759,1610612738,Regular Season,1,0,0,Frost Bank Center
0022600304,2026-11-29,2026-11-29 17:00:00+00:00,UTA,PHX,1610612762,1610612756,Regular Season,1,0,0,Delta Center
0022600305,2026-11-29,2026-11-29 18:00:00+00:00,CLE,MIA,1610612739,1610612748,Regular Season,1,0,0,Rocket Arena
0022600306,2026-11-29,2026-11-29 18:00:00+00:00,DET,ORL,1610612765,1610612753,Regular Season,1,0,0,Little Caesars Arena
0022600307,2026-11-29,2026-11-29 18:00:00+00:00,NYK,ATL,1610612752,1610612737,Regular Season,1,0,0,Madison Square Garden
0022600308,2026-11-29,2026-11-29 18:00:00+00:00,TOR,DEN,1610612761,1610612743,Regular Season,1,0,0,Scotiabank Arena
0022600309,2026-11-29,2026-11-29 18:00:00+00:00,POR,NOP,1610612757,1610612740,Regular Season,1,0,0,Moda Center
0022600311,2026-11-29,2026-11-29 21:00:00+00:00,SAC,MIN,1610612758,1610612750,Regular Season,1,0,0,Golden 1 Center
0022600317,2026-11-30,2026-11-30 20:00:00+00:00,MIL,SAS,1610612749,1610612759,Regular Season,1,0,0,Fiserv Forum
0022600318,2026-11-30,2026-11-30 22:00:00+00:00,SAC,NOP,1610612758,1610612740,Regular Season,1,0,0,Golden 1 Center
0022600316,2026-11-30,2026-11-30 20:00:00+00:00,DAL,BOS,1610612742,1610612738,Regular Season,1,0,0,American Airlines Center
0022600315,2026-11-30,2026-11-30 19:30:00+00:00,HOU,LAL,1610612745,1610612747,Regular Season,1,0,0,Toyota Center
0022600314,2026-11-30,2026-11-30 19:30:00+00:00,BKN,OKC,1610612751,1610612760,Regular Season,1,0,0,Barclays Center
0022600313,2026-11-30,2026-11-30 19:00:00+00:00,DET,DEN,1610612765,1610612743,Regular Season,1,0,0,Little Caesars Arena
0022600312,2026-11-30,2026-11-30 19:00:00+00:00,CHA,WAS,1610612766,1610612764,Regular Season,1,0,0,Spectrum Center
0022600319,2026-12-01,2026-12-01 19:00:00+00:00,CLE,IND,1610612739,1610612754,Regular Season,1,0,0,Rocket Arena
0022600320,2026-12-01,2026-12-01 19:00:00+00:00,PHI,MEM,1610612755,1610612763,Regular Season,1,0,0,Xfinity Mobile Arena
0022600321,2026-12-01,2026-12-01 19:30:00+00:00,MIA,ATL,1610612748,1610612737,Regular Season,1,0,0,Kaseya Center
0022600322,2026-12-01,2026-12-01 20:00:00+00:00,CHI,NYK,1610612741,1610612752,Regular Season,1,0,0,United Center
0022600323,2026-12-01,2026-12-01 20:30:00+00:00,HOU,TOR,1610612745,1610612761,Regular Season,1,0,0,Toyota Center
0022600324,2026-12-01,2026-12-01 21:00:00+00:00,PHX,LAC,1610612756,1610612746,Regular Season,1,0,0,Mortgage Matchup Center
0022600325,2026-12-01,2026-12-01 22:00:00+00:00,POR,MIN,1610612757,1610612750,Regular Season,1,0,0,Moda Center
0022600326,2026-12-01,2026-12-01 23:00:00+00:00,GSW,UTA,1610612744,1610612762,Regular Season,1,0,0,Chase Center
0022600335,2026-12-02,2026-12-02 22:30:00+00:00,LAC,MIN,1610612746,1610612750,Regular Season,1,0,0,Intuit Dome
0022600334,2026-12-02,2026-12-02 21:00:00+00:00,PHX,SAC,1610612756,1610612758,Regular Season,1,0,0,Mortgage Matchup Center
0022600332,2026-12-02,2026-12-02 20:00:00+00:00,NOP,LAL,1610612740,1610612747,Regular Season,1,0,0,Smoothie King Center
0022600331,2026-12-02,2026-12-02 20:00:00+00:00,MIL,NYK,1610612749,1610612752,Regular Season,1,0,0,Fiserv Forum
0022600333,2026-12-02,2026-12-02 20:00:00+00:00,OKC,BKN,1610612760,1610612751,Regular Season,1,0,0,Paycom Center
0022600329,2026-12-02,2026-12-02 19:30:00+00:00,BOS,CHA,1610612738,1610612766,Regular Season,1,0,0,TD Garden
0022600328,2026-12-02,2026-12-02 19:00:00+00:00,PHI,DEN,1610612755,1610612743,Regular Season,1,0,0,Xfinity Mobile Arena
0022600327,2026-12-02,2026-12-02 19:00:00+00:00,DET,MEM,1610612765,1610612763,Regular Season,1,0,0,Little Caesars Arena
0022600330,2026-12-02,2026-12-02 20:00:00+00:00,DAL,ORL,1610612742,1610612753,Regular Season,1,0,0,American Airlines Center
0022600336,2026-12-03,2026-12-03 19:00:00+00:00,ATL,IND,1610612737,1610612754,Regular Season,1,0,0,State Farm Arena
0022600337,2026-12-03,2026-12-03 19:30:00+00:00,MIA,WAS,1610612748,1610612764,Regular Season,1,0,0,Kaseya Center
0022600338,2026-12-03,2026-12-03 20:00:00+00:00,CHI,CLE,1610612741,1610612739,Regular Season,1,0,0,United Center
0022600339,2026-12-03,2026-12-03 20:00:00+00:00,SAS,TOR,1610612759,1610612761,Regular Season,1,0,0,Frost Bank Center
0022600340,2026-12-03,2026-12-03 22:00:00+00:00,POR,UTA,1610612757,1610612762,Regular Season,1,0,0,Moda Center
0022601202,2026-12-04,2026-12-04 00:00:00+00:00,,,0,0,Emirates NBA Cup,1,0,0,
0022601201,2026-12-04,2026-12-04 00:00:00+00:00,,,0,0,Emirates NBA Cup,1,0,0,
0022601203,2026-12-05,2026-12-05 00:00:00+00:00,,,0,0,Emirates NBA Cup,1,0,0,
0022601204,2026-12-05,2026-12-05 00:00:00+00:00,,,0,0,Emirates NBA Cup,1,0,0,
0022601229,2026-12-08,2026-12-08 00:00:00+00:00,,,0,0,Emirates NBA Cup,1,0,0,
0022601230,2026-12-08,2026-12-08 00:00:00+00:00,,,0,0,Emirates NBA Cup,1,0,0,
0062600001,2026-12-11,2026-12-11 00:00:00+00:00,,,0,0,Emirates NBA Cup,1,0,0,Hinkle Fieldhouse
0022600348,2026-12-12,2026-12-12 22:00:00+00:00,POR,ATL,1610612757,1610612737,Regular Season,1,0,0,Moda Center
0022600347,2026-12-12,2026-12-12 21:30:00+00:00,UTA,DEN,1610612762,1610612743,Regular Season,1,0,0,Delta Center
0022600346,2026-12-12,2026-12-12 21:00:00+00:00,PHX,MIN,1610612756,1610612750,Regular Season,1,0,0,Mortgage Matchup Center
0022600345,2026-12-12,2026-12-12 20:30:00+00:00,MIA,NYK,1610612748,1610612752,Regular Season,1,0,0,Kaseya Center
0022600343,2026-12-12,2026-12-12 19:30:00+00:00,PHI,ORL,1610612755,1610612753,Regular Season,1,0,0,Xfinity Mobile Arena
0022600342,2026-12-12,2026-12-12 19:00:00+00:00,WAS,CHA,1610612764,1610612766,Regular Season,1,0,0,Capital One Arena
0022600341,2026-12-12,2026-12-12 17:00:00+00:00,MEM,MIL,1610612763,1610612749,Regular Season,1,0,0,FedExForum
0022600344,2026-12-12,2026-12-12 20:00:00+00:00,CLE,GSW,1610612739,1610612744,Regular Season,1,0,0,Rocket Arena
0022600349,2026-12-13,2026-12-13 15:00:00+00:00,BKN,BOS,1610612751,1610612738,Regular Season,1,0,0,Barclays Center
0022600350,2026-12-13,2026-12-13 15:30:00+00:00,OKC,TOR,1610612760,1610612761,Regular Season,1,0,0,Paycom Center
0022600351,2026-12-13,2026-12-13 17:00:00+00:00,IND,DET,1610612754,1610612765,Regular Season,1,0,0,Gainbridge Fieldhouse
0022600352,2026-12-13,2026-12-13 18:00:00+00:00,CHI,HOU,1610612741,1610612745,Regular Season,1,0,0,United Center
0022600353,2026-12-13,2026-12-13 19:00:00+00:00,SAS,LAC,1610612759,1610612746,Regular Season,1,0,0,Frost Bank Center
0022600354,2026-12-13,2026-12-13 21:00:00+00:00,SAC,NOP,1610612758,1610612740,Regular Season,1,0,0,Golden 1 Center
0022600363,2026-12-14,2026-12-14 21:00:00+00:00,PHX,ATL,1610612756,1610612737,Regular Season,1,0,0,Mortgage Matchup Center
0022600365,2026-12-14,2026-12-14 22:00:00+00:00,LAL,NOP,1610612747,1610612740,Regular Season,1,0,0,Crypto.com Arena
0022600364,2026-12-14,2026-12-14 21:00:00+00:00,UTA,MIN,1610612762,1610612750,Regular Season,1,0,0,Delta Center
0022600362,2026-12-14,2026-12-14 20:30:00+00:00,HOU,NYK,1610612745,1610612752,Regular Season,1,0,0,Toyota Center
0022600361,2026-12-14,2026-12-14 20:00:00+00:00,MEM,GSW,1610612763,1610612744,Regular Season,1,0,0,FedExForum
0022600359,2026-12-14,2026-12-14 20:00:00+00:00,CHI,MIA,1610612741,1610612748,Regular Season,1,0,0,United Center
0022600358,2026-12-14,2026-12-14 19:30:00+00:00,BOS,WAS,1610612738,1610612764,Regular Season,1,0,0,TD Garden
0022600357,2026-12-14,2026-12-14 19:00:00+00:00,ORL,PHI,1610612753,1610612755,Regular Season,1,0,0,Kia Center
0022600356,2026-12-14,2026-12-14 19:00:00+00:00,DET,BKN,1610612765,1610612751,Regular Season,1,0,0,Little Caesars Arena
0022600355,2026-12-14,2026-12-14 19:00:00+00:00,CHA,TOR,1610612766,1610612761,Regular Season,1,0,0,Spectrum Center
0022600360,2026-12-14,2026-12-14 20:00:00+00:00,DAL,MIL,1610612742,1610612749,Regular Season,1,0,0,American Airlines Center
0022600366,2026-12-15,2026-12-15 20:00:00+00:00,CLE,SAS,1610612739,1610612759,Regular Season,1,0,0,Rocket Arena
0022600367,2026-12-15,2026-12-15 23:00:00+00:00,POR,DEN,1610612757,1610612743,Regular Season,1,0,0,Moda Center
0022600375,2026-12-16,2026-12-16 20:00:00+00:00,CHI,UTA,1610612741,1610612762,Regular Season,1,0,0,United Center
0022600379,2026-12-16,2026-12-16 20:30:00+00:00,HOU,MIL,1610612745,1610612749,Regular Season,1,0,0,Toyota Center
0022600378,2026-12-16,2026-12-16 20:00:00+00:00,OKC,SAC,1610612760,1610612758,Regular Season,1,0,0,Paycom Center
0022600377,2026-12-16,2026-12-16 20:00:00+00:00,NOP,NYK,1610612740,1610612752,Regular Season,1,0,0,Smoothie King Center
0022600376,2026-12-16,2026-12-16 20:00:00+00:00,MEM,MIA,1610612763,1610612748,Regular Season,1,0,0,FedExForum
0022600374,2026-12-16,2026-12-16 19:30:00+00:00,TOR,SAS,1610612761,1610612759,Regular Season,1,0,0,Scotiabank Arena
0022600380,2026-12-16,2026-12-16 21:30:00+00:00,MIN,LAL,1610612750,1610612747,Regular Season,1,0,0,Target Center
0022600372,2026-12-16,2026-12-16 19:00:00+00:00,ORL,CLE,1610612753,1610612739,Regular Season,1,0,0,Kia Center
0022600371,2026-12-16,2026-12-16 19:00:00+00:00,IND,GSW,1610612754,1610612744,Regular Season,1,0,0,Gainbridge Fieldhouse
0022600370,2026-12-16,2026-12-16 19:00:00+00:00,DET,PHX,1610612765,1610612756,Regular Season,1,0,0,Little Caesars Arena
0022600369,2026-12-16,2026-12-16 19:00:00+00:00,CHA,LAC,1610612766,1610612746,Regular Season,1,0,0,Spectrum Center
0022600368,2026-12-16,2026-12-16 19:00:00+00:00,BOS,WAS,1610612738,1610612764,Regular Season,1,0,0,TD Garden
0022600373,2026-12-16,2026-12-16 19:30:00+00:00,BKN,DAL,1610612751,1610612742,Regular Season,1,0,0,Barclays Center
0022600383,2026-12-17,2026-12-17 21:00:00+00:00,DEN,ATL,1610612743,1610612737,Regular Season,1,0,0,Ball Arena
0022600382,2026-12-17,2026-12-17 19:00:00+00:00,PHI,DAL,1610612755,1610612742,Regular Season,1,0,0,Xfinity Mobile Arena
0022600381,2026-12-17,2026-12-17 19:00:00+00:00,IND,POR,1610612754,1610612757,Regular Season,1,0,0,Gainbridge Fieldhouse
0022600384,2026-12-18,2026-12-18 19:00:00+00:00,CHA,OKC,1610612766,1610612760,Regular Season,1,0,0,Spectrum Center
0022600385,2026-12-18,2026-12-18 19:00:00+00:00,MIA,LAC,1610612748,1610612746,Regular Season,1,0,0,Kaseya Center
0022600386,2026-12-18,2026-12-18 19:00:00+00:00,WAS,NYK,1610612764,1610612752,Regular Season,1,0,0,Capital One Arena
0022600387,2026-12-18,2026-12-18 19:30:00+00:00,BOS,UTA,1610612738,1610612762,Regular Season,1,0,0,TD Garden
0022600388,2026-12-18,2026-12-18 19:30:00+00:00,BKN,ORL,1610612751,1610612753,Regular Season,1,0,0,Barclays Center
0022600389,2026-12-18,2026-12-18 19:30:00+00:00,DET,CLE,1610612765,1610612739,Regular Season,1,0,0,Little Caesars Arena
0022600390,2026-12-18,2026-12-18 19:30:00+00:00,TOR,GSW,1610612761,1610612744,Regular Season,1,0,0,Scotiabank Arena
0022600391,2026-12-18,2026-12-18 20:00:00+00:00,MEM,HOU,1610612763,1610612745,Regular Season,1,0,0,FedExForum
0022600392,2026-12-18,2026-12-18 20:00:00+00:00,MIL,PHX,1610612749,1610612756,Regular Season,1,0,0,Fiserv Forum
0022600393,2026-12-18,2026-12-18 20:00:00+00:00,MIN,LAL,1610612750,1610612747,Regular Season,1,0,0,Target Center
0022600394,2026-12-18,2026-12-18 20:00:00+00:00,NOP,SAC,1610612740,1610612758,Regular Season,1,0,0,Smoothie King Center
0022600395,2026-12-18,2026-12-18 20:00:00+00:00,SAS,CHI,1610612759,1610612741,Regular Season,1,0,0,Frost Bank Center
0022600399,2026-12-19,2026-12-19 21:00:00+00:00,DEN,LAL,1610612743,1610612747,Regular Season,1,0,0,Ball Arena
0022600398,2026-12-19,2026-12-19 20:00:00+00:00,DAL,CHI,1610612742,1610612741,Regular Season,1,0,0,American Airlines Center
0022600396,2026-12-19,2026-12-19 18:00:00+00:00,CHA,POR,1610612766,1610612757,Regular Season,1,0,0,Spectrum Center
0022600397,2026-12-19,2026-12-19 19:00:00+00:00,ATL,ORL,1610612737,1610612753,Regular Season,1,0,0,State Farm Arena
0022600400,2026-12-20,2026-12-20 15:00:00+00:00,BKN,WAS,1610612751,1610612764,Regular Season,1,0,0,Barclays Center
0022600401,2026-12-20,2026-12-20 15:30:00+00:00,TOR,HOU,1610612761,1610612745,Regular Season,1,0,0,Scotiabank Arena
0022600402,2026-12-20,2026-12-20 16:00:00+00:00,MEM,PHX,1610612763,1610612756,Regular Season,1,0,0,FedExForum
0022600403,2026-12-20,2026-12-20 18:00:00+00:00,CLE,UTA,1610612739,1610612762,Regular Season,1,0,0,Rocket Arena
0022600404,2026-12-20,2026-12-20 18:00:00+00:00,MIA,SAC,1610612748,1610612758,Regular Season,1,0,0,Kaseya Center
0022600405,2026-12-20,2026-12-20 19:00:00+00:00,ATL,OKC,1610612737,1610612760,Regular Season,1,0,0,State Farm Arena
0022600406,2026-12-20,2026-12-20 19:00:00+00:00,NOP,SAS,1610612740,1610612759,Regular Season,1,0,0,Smoothie King Center
0022600407,2026-12-20,2026-12-20 20:00:00+00:00,BOS,DET,1610612738,1610612765,Regular Season,1,0,0,TD Garden
0022600408,2026-12-20,2026-12-20 20:00:00+00:00,MIL,GSW,1610612749,1610612744,Regular Season,1,0,0,Fiserv Forum
0022600409,2026-12-20,2026-12-20 22:00:00+00:00,LAC,IND,1610612746,1610612754,Regular Season,1,0,0,Intuit Dome
0022600416,2026-12-21,2026-12-21 20:00:00+00:00,NOP,MEM,1610612740,1610612763,Regular Season,1,0,0,Smoothie King Center
0022600418,2026-12-21,2026-12-21 22:00:00+00:00,LAL,IND,1610612747,1610612754,Regular Season,1,0,0,Crypto.com Arena
0022600417,2026-12-21,2026-12-21 20:00:00+00:00,SAS,MIL,1610612759,1610612749,Regular Season,1,0,0,Frost Bank Center
0022600415,2026-12-21,2026-12-21 20:00:00+00:00,MIN,PHX,1610612750,1610612756,Regular Season,1,0,0,Target Center
0022600419,2026-12-21,2026-12-21 22:30:00+00:00,LAC,DEN,1610612746,1610612743,Regular Season,1,0,0,Intuit Dome
0022600413,2026-12-21,2026-12-21 19:30:00+00:00,BKN,POR,1610612751,1610612757,Regular Season,1,0,0,Barclays Center
0022600412,2026-12-21,2026-12-21 19:00:00+00:00,ORL,SAC,1610612753,1610612758,Regular Season,1,0,0,Kia Center
0022600411,2026-12-21,2026-12-21 19:00:00+00:00,CLE,NYK,1610612739,1610612752,Regular Season,1,0,0,Rocket Arena
0022600410,2026-12-21,2026-12-21 19:00:00+00:00,CHA,PHI,1610612766,1610612755,Regular Season,1,0,0,Spectrum Center
0022600414,2026-12-21,2026-12-21 19:30:00+00:00,MIA,CHI,1610612748,1610612741,Regular Season,1,0,0,Kaseya Center
0022600420,2026-12-22,2026-12-22 19:00:00+00:00,WAS,TOR,1610612764,1610612761,Regular Season,1,0,0,Capital One Arena
0022600421,2026-12-22,2026-12-22 20:00:00+00:00,OKC,DET,1610612760,1610612765,Regular Season,1,0,0,Paycom Center
0022600422,2026-12-22,2026-12-22 22:30:00+00:00,GSW,DAL,1610612744,1610612742,Regular Season,1,0,0,Chase Center
0022600437,2026-12-23,2026-12-23 22:30:00+00:00,LAC,GSW,1610612746,1610612744,Regular Season,1,0,0,Intuit Dome
0022600436,2026-12-23,2026-12-23 22:00:00+00:00,SAC,DAL,1610612758,1610612742,Regular Season,1,0,0,Golden 1 Center
0022600434,2026-12-23,2026-12-23 21:00:00+00:00,PHX,IND,1610612756,1610612754,Regular Season,1,0,0,Mortgage Matchup Center
0022600433,2026-12-23,2026-12-23 20:00:00+00:00,NOP,OKC,1610612740,1610612760,Regular Season,1,0,0,Smoothie King Center
0022600432,2026-12-23,2026-12-23 20:00:00+00:00,MIL,MIN,1610612749,1610612750,Regular Season,1,0,0,Fiserv Forum
0022600431,2026-12-23,2026-12-23 20:00:00+00:00,MEM,TOR,1610612763,1610612761,Regular Season,1,0,0,FedExForum
0022600430,2026-12-23,2026-12-23 19:30:00+00:00,PHI,HOU,1610612755,1610612745,Regular Season,1,0,0,Xfinity Mobile Arena
0022600435,2026-12-23,2026-12-23 22:00:00+00:00,LAL,DEN,1610612747,1610612743,Regular Season,1,0,0,Crypto.com Arena
0022600428,2026-12-23,2026-12-23 19:30:00+00:00,MIA,CHI,1610612748,1610612741,Regular Season,1,0,0,Kaseya Center
0022600427,2026-12-23,2026-12-23 19:30:00+00:00,BKN,SAS,1610612751,1610612759,Regular Season,1,0,0,Barclays Center
0022600426,2026-12-23,2026-12-23 19:30:00+00:00,BOS,POR,1610612738,1610612757,Regular Season,1,0,0,TD Garden
0022600425,2026-12-23,2026-12-23 19:00:00+00:00,WAS,CLE,1610612764,1610612739,Regular Season,1,0,0,Capital One Arena
0022600424,2026-12-23,2026-12-23 19:00:00+00:00,ORL,CHA,1610612753,1610612766,Regular Season,1,0,0,Kia Center
0022600423,2026-12-23,2026-12-23 19:00:00+00:00,ATL,DET,1610612737,1610612765,Regular Season,1,0,0,State Farm Arena
0022600429,2026-12-23,2026-12-23 19:30:00+00:00,NYK,UTA,1610612752,1610612762,Regular Season,1,0,0,Madison Square Garden
0022600010,2026-12-25,2026-12-25 12:00:00+00:00,NYK,SAS,1610612752,1610612759,Regular Season,1,0,0,Madison Square Garden
0022600011,2026-12-25,2026-12-25 14:30:00+00:00,BOS,MIA,1610612738,1610612748,Regular Season,1,0,0,TD Garden
0022600012,2026-12-25,2026-12-25 17:00:00+00:00,LAL,PHI,1610612747,1610612755,Regular Season,1,0,0,Crypto.com Arena
0022600013,2026-12-25,2026-12-25 20:00:00+00:00,MIN,OKC,1610612750,1610612760,Regular Season,1,0,0,Target Center
0022600014,2026-12-25,2026-12-25 22:30:00+00:00,GSW,DEN,1610612744,1610612743,Regular Season,1,0,0,Chase Center
0022600445,2026-12-26,2026-12-26 22:30:00+00:00,LAC,MEM,1610612746,1610612763,Regular Season,1,0,0,Intuit Dome
0022600444,2026-12-26,2026-12-26 20:00:00+00:00,DAL,PHX,1610612742,1610612756,Regular Season,1,0,0,American Airlines Center
0022600443,2026-12-26,2026-12-26 20:00:00+00:00,CHI,DET,1610612741,1610612765,Regular Season,1,0,0,United Center
0022600442,2026-12-26,2026-12-26 19:00:00+00:00,ORL,TOR,1610612753,1610612761,Regular Season,1,0,0,Kia Center
0022600438,2026-12-26,2026-12-26 13:00:00+00:00,WAS,POR,1610612764,1610612757,Regular Season,1,0,0,Capital One Arena
0022600440,2026-12-26,2026-12-26 17:00:00+00:00,UTA,IND,1610612762,1610612754,Regular Season,1,0,0,Delta Center
0022600439,2026-12-26,2026-12-26 15:30:00+00:00,ATL,CHA,1610612737,1610612766,Regular Season,1,0,0,State Farm Arena
0022600441,2026-12-26,2026-12-26 18:00:00+00:00,BKN,NOP,1610612751,1610612740,Regular Season,1,0,0,Barclays Center
0022600454,2026-12-27,2026-12-27 20:00:00+00:00,DEN,IND,1610612743,1610612754,Regular Season,1,0,0,Ball Arena
0022600457,2026-12-27,2026-12-27 21:00:00+00:00,LAL,MEM,1610612747,1610612763,Regular Season,1,0,0,Crypto.com Arena
0022600456,2026-12-27,2026-12-27 21:00:00+00:00,LAC,PHI,1610612746,1610612755,Regular Season,1,0,0,Intuit Dome
0022600455,2026-12-27,2026-12-27 20:30:00+00:00,GSW,MIN,1610612744,1610612750,Regular Season,1,0,0,Chase Center
0022600452,2026-12-27,2026-12-27 19:00:00+00:00,DET,POR,1610612765,1610612757,Regular Season,1,0,0,Little Caesars Arena
0022600453,2026-12-27,2026-12-27 19:00:00+00:00,SAS,ATL,1610612759,1610612737,Regular Season,1,0,0,Frost Bank Center
0022600450,2026-12-27,2026-12-27 18:00:00+00:00,ORL,MIL,1610612753,1610612749,Regular Season,1,0,0,Kia Center
0022600446,2026-12-27,2026-12-27 15:30:00+00:00,HOU,OKC,1610612745,1610612760,Regular Season,1,0,0,Toyota Center
0022600447,2026-12-27,2026-12-27 18:00:00+00:00,CLE,WAS,1610612739,1610612764,Regular Season,1,0,0,Rocket Arena
0022600451,2026-12-27,2026-12-27 18:00:00+00:00,SAC,UTA,1610612758,1610612762,Regular Season,1,0,0,Golden 1 Center
0022600449,2026-12-27,2026-12-27 18:00:00+00:00,NYK,BKN,1610612752,1610612751,Regular Season,1,0,0,Madison Square Garden
0022600448,2026-12-27,2026-12-27 18:00:00+00:00,MIA,CHA,1610612748,1610612766,Regular Season,1,0,0,Kaseya Center
0022600458,2026-12-28,2026-12-28 19:30:00+00:00,TOR,NOP,1610612761,1610612740,Regular Season,1,0,0,Scotiabank Arena
0022600459,2026-12-28,2026-12-28 20:00:00+00:00,BOS,CLE,1610612738,1610612739,Regular Season,1,0,0,TD Garden
0022600460,2026-12-28,2026-12-28 21:00:00+00:00,PHX,GSW,1610612756,1610612744,Regular Season,1,0,0,Mortgage Matchup Center
0022600461,2026-12-28,2026-12-28 22:30:00+00:00,DEN,MIN,1610612743,1610612750,Regular Season,1,0,0,Ball Arena
0022600470,2026-12-29,2026-12-29 22:30:00+00:00,LAL,HOU,1610612747,1610612745,Regular Season,1,0,0,Crypto.com Arena
0022600469,2026-12-29,2026-12-29 22:00:00+00:00,SAC,PHI,1610612758,1610612755,Regular Season,1,0,0,Golden 1 Center
0022600468,2026-12-29,2026-12-29 22:00:00+00:00,POR,BKN,1610612757,1610612751,Regular Season,1,0,0,Moda Center
0022600467,2026-12-29,2026-12-29 20:00:00+00:00,OKC,MIL,1610612760,1610612749,Regular Season,1,0,0,Paycom Center
0022600464,2026-12-29,2026-12-29 19:00:00+00:00,IND,LAC,1610612754,1610612746,Regular Season,1,0,0,Gainbridge Fieldhouse
0022600465,2026-12-29,2026-12-29 20:00:00+00:00,DAL,MIA,1610612742,1610612748,Regular Season,1,0,0,American Airlines Center
0022600463,2026-12-29,2026-12-29 19:00:00+00:00,CHA,ORL,1610612766,1610612753,Regular Season,1,0,0,Spectrum Center
0022600462,2026-12-29,2026-12-29 19:00:00+00:00,ATL,CHI,1610612737,1610612741,Regular Season,1,0,0,State Farm Arena
0022600466,2026-12-29,2026-12-29 20:00:00+00:00,MEM,SAS,1610612763,1610612759,Regular Season,1,0,0,FedExForum
0022600475,2026-12-30,2026-12-30 21:00:00+00:00,UTA,NYK,1610612762,1610612752,Regular Season,1,0,0,Delta Center
0022600476,2026-12-30,2026-12-30 22:00:00+00:00,GSW,HOU,1610612744,1610612745,Regular Season,1,0,0,Chase Center
0022600474,2026-12-30,2026-12-30 21:00:00+00:00,PHX,PHI,1610612756,1610612755,Regular Season,1,0,0,Mortgage Matchup Center
0022600471,2026-12-30,2026-12-30 19:00:00+00:00,DET,NOP,1610612765,1610612740,Regular Season,1,0,0,Little Caesars Arena
0022600472,2026-12-30,2026-12-30 19:30:00+00:00,TOR,WAS,1610612761,1610612764,Regular Season,1,0,0,Scotiabank Arena
0022600473,2026-12-30,2026-12-30 20:00:00+00:00,CHI,BOS,1610612741,1610612738,Regular Season,1,0,0,United Center
0022600477,2026-12-31,2026-12-31 13:00:00+00:00,CHA,SAS,1610612766,1610612759,Regular Season,1,0,0,Spectrum Center
0022600478,2026-12-31,2026-12-31 15:00:00+00:00,ATL,MIL,1610612737,1610612749,Regular Season,1,0,0,State Farm Arena
0022600479,2026-12-31,2026-12-31 15:00:00+00:00,CLE,LAC,1610612739,1610612746,Regular Season,1,0,0,Rocket Arena
0022600480,2026-12-31,2026-12-31 15:00:00+00:00,IND,ORL,1610612754,1610612753,Regular Season,1,0,0,Gainbridge Fieldhouse
0022600481,2026-12-31,2026-12-31 16:00:00+00:00,MIN,DEN,1610612750,1610612743,Regular Season,1,0,0,Target Center
0022600482,2026-12-31,2026-12-31 18:00:00+00:00,SAC,BKN,1610612758,1610612751,Regular Season,1,0,0,Golden 1 Center
0022600483,2026-12-31,2026-12-31 20:00:00+00:00,NOP,LAL,1610612740,1610612747,Regular Season,1,0,0,Smoothie King Center
0022600484,2026-12-31,2026-12-31 20:00:00+00:00,OKC,MIA,1610612760,1610612748,Regular Season,1,0,0,Paycom Center
0022600485,2026-12-31,2026-12-31 21:00:00+00:00,PHX,NYK,1610612756,1610612752,Regular Season,1,0,0,Mortgage Matchup Center
0022600490,2027-01-01,2027-01-01 20:30:00+00:00,HOU,DAL,1610612745,1610612742,Regular Season,1,0,0,Toyota Center
0022600488,2027-01-01,2027-01-01 19:30:00+00:00,TOR,LAC,1610612761,1610612746,Regular Season,1,0,0,Scotiabank Arena
0022600491,2027-01-01,2027-01-01 21:30:00+00:00,UTA,BOS,1610612762,1610612738,Regular Season,1,0,0,Delta Center
0022600489,2027-01-01,2027-01-01 20:00:00+00:00,MIL,PHI,1610612749,1610612755,Regular Season,1,0,0,Fiserv Forum
0022600486,2027-01-01,2027-01-01 17:00:00+00:00,WAS,SAS,1610612764,1610612759,Regular Season,1,0,0,Capital One Arena
0022600487,2027-01-01,2027-01-01 19:30:00+00:00,DET,ORL,1610612765,1610612753,Regular Season,1,0,0,Little Caesars Arena
0022600492,2027-01-02,2027-01-02 13:00:00+00:00,CHA,CLE,1610612766,1610612739,Regular Season,1,0,0,Spectrum Center
0022600493,2027-01-02,2027-01-02 17:00:00+00:00,DEN,NYK,1610612743,1610612752,Regular Season,1,0,0,Ball Arena
0022600494,2027-01-02,2027-01-02 19:00:00+00:00,IND,MIN,1610612754,1610612750,Regular Season,1,0,0,Gainbridge Fieldhouse
0022600495,2027-01-02,2027-01-02 19:00:00+00:00,NOP,MIA,1610612740,1610612748,Regular Season,1,0,0,Smoothie King Center
0022600496,2027-01-02,2027-01-02 19:30:00+00:00,ATL,DAL,1610612737,1610612742,Regular Season,1,0,0,State Farm Arena
0022600497,2027-01-02,2027-01-02 20:00:00+00:00,CHI,LAL,1610612741,1610612747,Regular Season,1,0,0,United Center
0022600498,2027-01-02,2027-01-02 20:00:00+00:00,OKC,UTA,1610612760,1610612762,Regular Season,1,0,0,Paycom Center
0022600499,2027-01-02,2027-01-02 20:30:00+00:00,GSW,BKN,1610612744,1610612751,Regular Season,1,0,0,Chase Center
0022600500,2027-01-02,2027-01-02 21:00:00+00:00,PHX,SAC,1610612756,1610612758,Regular Season,1,0,0,Mortgage Matchup Center
0022600501,2027-01-02,2027-01-02 22:00:00+00:00,POR,BOS,1610612757,1610612738,Regular Season,1,0,0,Moda Center
0022600509,2027-01-03,2027-01-03 20:00:00+00:00,OKC,SAC,1610612760,1610612758,Regular Season,1,0,0,Paycom Center
0022600508,2027-01-03,2027-01-03 19:00:00+00:00,MIN,SAS,1610612750,1610612759,Regular Season,1,0,0,Target Center
0022600506,2027-01-03,2027-01-03 19:00:00+00:00,WAS,LAC,1610612764,1610612746,Regular Season,1,0,0,Capital One Arena
0022600507,2027-01-03,2027-01-03 19:00:00+00:00,HOU,CLE,1610612745,1610612739,Regular Season,1,0,0,Toyota Center
0022600504,2027-01-03,2027-01-03 18:00:00+00:00,ORL,MEM,1610612753,1610612763,Regular Season,1,0,0,Kia Center
0022600503,2027-01-03,2027-01-03 17:30:00+00:00,MIL,CHA,1610612749,1610612766,Regular Season,1,0,0,Fiserv Forum
0022600502,2027-01-03,2027-01-03 17:00:00+00:00,DEN,DET,1610612743,1610612765,Regular Season,1,0,0,Ball Arena
0022600505,2027-01-03,2027-01-03 19:00:00+00:00,TOR,LAL,1610612761,1610612747,Regular Season,1,0,0,Scotiabank Arena
0022600510,2027-01-04,2027-01-04 19:00:00+00:00,IND,CHI,1610612754,1610612741,Regular Season,1,0,0,Gainbridge Fieldhouse
0022600511,2027-01-04,2027-01-04 19:00:00+00:00,PHI,ATL,1610612755,1610612737,Regular Season,1,0,0,Xfinity Mobile Arena
0022600512,2027-01-04,2027-01-04 20:00:00+00:00,NOP,DAL,1610612740,1610612742,Regular Season,1,0,0,Smoothie King Center
0022600513,2027-01-04,2027-01-04 21:00:00+00:00,PHX,BOS,1610612756,1610612738,Regular Season,1,0,0,Mortgage Matchup Center
0022600514,2027-01-04,2027-01-04 21:00:00+00:00,UTA,BKN,1610612762,1610612751,Regular Season,1,0,0,Delta Center
0022600515,2027-01-04,2027-01-04 22:00:00+00:00,POR,NYK,1610612757,1610612752,Regular Season,1,0,0,Moda Center
0022600524,2027-01-05,2027-01-05 22:00:00+00:00,SAC,DET,1610612758,1610612765,Regular Season,1,0,0,Golden 1 Center
0022600523,2027-01-05,2027-01-05 22:00:00+00:00,DEN,PHX,1610612743,1610612756,Regular Season,1,0,0,Ball Arena
0022600522,2027-01-05,2027-01-05 20:00:00+00:00,HOU,MIN,1610612745,1610612750,Regular Season,1,0,0,Toyota Center
0022600521,2027-01-05,2027-01-05 20:00:00+00:00,CHI,MIL,1610612741,1610612749,Regular Season,1,0,0,United Center
0022600516,2027-01-05,2027-01-05 19:00:00+00:00,CHA,ATL,1610612766,1610612737,Regular Season,1,0,0,Spectrum Center
0022600519,2027-01-05,2027-01-05 19:00:00+00:00,WAS,LAL,1610612764,1610612747,Regular Season,1,0,0,Capital One Arena
0022600518,2027-01-05,2027-01-05 19:00:00+00:00,ORL,LAC,1610612753,1610612746,Regular Season,1,0,0,Kia Center
0022600517,2027-01-05,2027-01-05 19:00:00+00:00,CLE,TOR,1610612739,1610612761,Regular Season,1,0,0,Rocket Arena
0022600520,2027-01-05,2027-01-05 19:30:00+00:00,MIA,MEM,1610612748,1610612763,Regular Season,1,0,0,Kaseya Center
0022600529,2027-01-06,2027-01-06 22:00:00+00:00,GSW,NYK,1610612744,1610612752,Regular Season,1,0,0,Chase Center
0022600528,2027-01-06,2027-01-06 20:00:00+00:00,SAS,IND,1610612759,1610612754,Regular Season,1,0,0,Frost Bank Center
0022600527,2027-01-06,2027-01-06 20:00:00+00:00,NOP,POR,1610612740,1610612757,Regular Season,1,0,0,Smoothie King Center
0022600525,2027-01-06,2027-01-06 19:30:00+00:00,BKN,UTA,1610612751,1610612762,Regular Season,1,0,0,Barclays Center
0022600526,2027-01-06,2027-01-06 19:30:00+00:00,PHI,OKC,1610612755,1610612760,Regular Season,1,0,0,Xfinity Mobile Arena
0022600541,2027-01-07,2027-01-07 22:00:00+00:00,SAC,CHI,1610612758,1610612741,Regular Season,1,0,0,Golden 1 Center
0022600540,2027-01-07,2027-01-07 22:00:00+00:00,LAL,BOS,1610612747,1610612738,Regular Season,1,0,0,Crypto.com Arena
0022600539,2027-01-07,2027-01-07 22:00:00+00:00,GSW,DET,1610612744,1610612765,Regular Season,1,0,0,Chase Center
0022600538,2027-01-07,2027-01-07 20:30:00+00:00,HOU,MEM,1610612745,1610612763,Regular Season,1,0,0,Toyota Center
0022600537,2027-01-07,2027-01-07 20:00:00+00:00,MIL,LAC,1610612749,1610612746,Regular Season,1,0,0,Fiserv Forum
0022600536,2027-01-07,2027-01-07 20:00:00+00:00,DAL,POR,1610612742,1610612757,Regular Season,1,0,0,American Airlines Center
0022600534,2027-01-07,2027-01-07 19:30:00+00:00,BKN,MIA,1610612751,1610612748,Regular Season,1,0,0,Barclays Center
0022600533,2027-01-07,2027-01-07 19:00:00+00:00,WAS,OKC,1610612764,1610612760,Regular Season,1,0,0,Capital One Arena
0022600532,2027-01-07,2027-01-07 19:00:00+00:00,ORL,CLE,1610612753,1610612739,Regular Season,1,0,0,Kia Center
0022600531,2027-01-07,2027-01-07 19:00:00+00:00,CHA,DEN,1610612766,1610612743,Regular Season,1,0,0,Spectrum Center
0022600530,2027-01-07,2027-01-07 19:00:00+00:00,ATL,IND,1610612737,1610612754,Regular Season,1,0,0,State Farm Arena
0022600535,2027-01-07,2027-01-07 19:30:00+00:00,TOR,MIN,1610612761,1610612750,Regular Season,1,0,0,Scotiabank Arena
0022600549,2027-01-08,2027-01-08 22:00:00+00:00,SAC,NYK,1610612758,1610612752,Regular Season,1,0,0,Golden 1 Center
0022600548,2027-01-08,2027-01-08 22:00:00+00:00,LAL,DET,1610612747,1610612765,Regular Season,1,0,0,Crypto.com Arena
0022600546,2027-01-08,2027-01-08 20:00:00+00:00,SAS,MEM,1610612759,1610612763,Regular Season,1,0,0,Frost Bank Center
0022600547,2027-01-08,2027-01-08 21:30:00+00:00,DAL,PHX,1610612742,1610612756,Regular Season,1,0,0,American Airlines Center
0022600544,2027-01-08,2027-01-08 19:30:00+00:00,TOR,UTA,1610612761,1610612762,Regular Season,1,0,0,Scotiabank Arena
0022600543,2027-01-08,2027-01-08 19:00:00+00:00,WAS,MIN,1610612764,1610612750,Regular Season,1,0,0,Capital One Arena
0022600542,2027-01-08,2027-01-08 19:00:00+00:00,PHI,MIA,1610612755,1610612748,Regular Season,1,0,0,Xfinity Mobile Arena
0022600545,2027-01-08,2027-01-08 20:00:00+00:00,NOP,ORL,1610612740,1610612753,Regular Season,1,0,0,Smoothie King Center
0022600550,2027-01-09,2027-01-09 17:00:00+00:00,CLE,DEN,1610612739,1610612743,Regular Season,1,0,0,Rocket Arena
0022600551,2027-01-09,2027-01-09 18:00:00+00:00,BKN,HOU,1610612751,1610612745,Regular Season,1,0,0,Barclays Center
0022600552,2027-01-09,2027-01-09 19:00:00+00:00,IND,MIL,1610612754,1610612749,Regular Season,1,0,0,Gainbridge Fieldhouse
0022600553,2027-01-09,2027-01-09 20:30:00+00:00,GSW,CHI,1610612744,1610612741,Regular Season,1,0,0,Chase Center
0022600554,2027-01-09,2027-01-09 22:00:00+00:00,POR,CHA,1610612757,1610612766,Regular Season,1,0,0,Moda Center
0022600555,2027-01-09,2027-01-09 22:30:00+00:00,LAC,BOS,1610612746,1610612738,Regular Season,1,0,0,Intuit Dome
0022600563,2027-01-10,2027-01-10 21:00:00+00:00,SAC,CHA,1610612758,1610612766,Regular Season,1,0,0,Golden 1 Center
0022600562,2027-01-10,2027-01-10 19:00:00+00:00,PHX,CHI,1610612756,1610612741,Regular Season,1,0,0,Mortgage Matchup Center
0022600561,2027-01-10,2027-01-10 18:00:00+00:00,MEM,DAL,1610612763,1610612742,Regular Season,1,0,0,FedExForum
0022600560,2027-01-10,2027-01-10 18:00:00+00:00,TOR,PHI,1610612761,1610612755,Regular Season,1,0,0,Scotiabank Arena
0022600556,2027-01-10,2027-01-10 15:00:00+00:00,ATL,SAS,1610612737,1610612759,Regular Season,1,0,0,State Farm Arena
0022600558,2027-01-10,2027-01-10 18:00:00+00:00,MIA,NOP,1610612748,1610612740,Regular Season,1,0,0,Kaseya Center
0022600557,2027-01-10,2027-01-10 18:00:00+00:00,DET,UTA,1610612765,1610612762,Regular Season,1,0,0,Little Caesars Arena
0022600559,2027-01-10,2027-01-10 18:00:00+00:00,ORL,OKC,1610612753,1610612760,Regular Season,1,0,0,Kia Center
0022600569,2027-01-11,2027-01-11 22:00:00+00:00,LAC,LAL,1610612746,1610612747,Regular Season,1,0,0,Intuit Dome
0022600568,2027-01-11,2027-01-11 20:00:00+00:00,MIN,CLE,1610612750,1610612739,Regular Season,1,0,0,Target Center
0022600567,2027-01-11,2027-01-11 19:30:00+00:00,NYK,DEN,1610612752,1610612743,Regular Season,1,0,0,Madison Square Garden
0022600565,2027-01-11,2027-01-11 19:00:00+00:00,WAS,ATL,1610612764,1610612737,Regular Season,1,0,0,Capital One Arena
0022600564,2027-01-11,2027-01-11 19:00:00+00:00,IND,BKN,1610612754,1610612751,Regular Season,1,0,0,Gainbridge Fieldhouse
0022600566,2027-01-11,2027-01-11 19:30:00+00:00,BOS,HOU,1610612738,1610612745,Regular Season,1,0,0,TD Garden
0022600570,2027-01-12,2027-01-12 19:30:00+00:00,MIA,BKN,1610612748,1610612751,Regular Season,1,0,0,Kaseya Center
0022600571,2027-01-12,2027-01-12 19:30:00+00:00,TOR,DET,1610612761,1610612765,Regular Season,1,0,0,Scotiabank Arena
0022600572,2027-01-12,2027-01-12 20:00:00+00:00,PHI,WAS,1610612755,1610612764,Regular Season,1,0,0,Xfinity Mobile Arena
0022600573,2027-01-12,2027-01-12 20:00:00+00:00,MEM,DAL,1610612763,1610612742,Regular Season,1,0,0,FedExForum
0022600574,2027-01-12,2027-01-12 20:00:00+00:00,MIL,DEN,1610612749,1610612743,Regular Season,1,0,0,Fiserv Forum
0022600575,2027-01-12,2027-01-12 21:00:00+00:00,UTA,CHI,1610612762,1610612741,Regular Season,1,0,0,Delta Center
0022600576,2027-01-12,2027-01-12 22:00:00+00:00,POR,ORL,1610612757,1610612753,Regular Season,1,0,0,Moda Center
0022600577,2027-01-12,2027-01-12 23:00:00+00:00,GSW,SAC,1610612744,1610612758,Regular Season,1,0,0,Chase Center
0022600584,2027-01-13,2027-01-13 22:00:00+00:00,POR,LAL,1610612757,1610612747,Regular Season,1,0,0,Moda Center
0022600583,2027-01-13,2027-01-13 22:00:00+00:00,GSW,CHA,1610612744,1610612766,Regular Season,1,0,0,Chase Center
0022600582,2027-01-13,2027-01-13 21:30:00+00:00,OKC,HOU,1610612760,1610612745,Regular Season,1,0,0,Paycom Center
0022600578,2027-01-13,2027-01-13 19:00:00+00:00,ATL,CLE,1610612737,1610612739,Regular Season,1,0,0,State Farm Arena
0022600580,2027-01-13,2027-01-13 19:00:00+00:00,IND,MIL,1610612754,1610612749,Regular Season,1,0,0,Gainbridge Fieldhouse
0022600579,2027-01-13,2027-01-13 19:00:00+00:00,BOS,NYK,1610612738,1610612752,Regular Season,1,0,0,TD Garden
0022600581,2027-01-13,2027-01-13 19:30:00+00:00,TOR,PHX,1610612761,1610612756,Regular Season,1,0,0,Scotiabank Arena
0022600590,2027-01-14,2027-01-14 21:00:00+00:00,UTA,CHA,1610612762,1610612766,Regular Season,1,0,0,Delta Center
0022600592,2027-01-14,2027-01-14 22:00:00+00:00,SAC,LAC,1610612758,1610612746,Regular Season,1,0,0,Golden 1 Center
0022600591,2027-01-14,2027-01-14 22:00:00+00:00,LAL,ORL,1610612747,1610612753,Regular Season,1,0,0,Crypto.com Arena
0022600589,2027-01-14,2027-01-14 21:00:00+00:00,DEN,MEM,1610612743,1610612763,Regular Season,1,0,0,Ball Arena
0022600075,2027-01-14,2027-01-14 14:00:00+00:00,SAS,NOP,1610612759,1610612740,NBA Paris Game,1,0,0,Accor Arena
0022600587,2027-01-14,2027-01-14 19:30:00+00:00,NYK,MIA,1610612752,1610612748,Regular Season,1,0,0,Madison Square Garden
0022600586,2027-01-14,2027-01-14 19:00:00+00:00,PHI,BKN,1610612755,1610612751,Regular Season,1,0,0,Xfinity Mobile Arena
0022600585,2027-01-14,2027-01-14 19:00:00+00:00,DET,DAL,1610612765,1610612742,Regular Season,1,0,0,Little Caesars Arena
0022600588,2027-01-14,2027-01-14 20:00:00+00:00,CHI,MIN,1610612741,1610612750,Regular Season,1,0,0,United Center
0022600593,2027-01-15,2027-01-15 19:00:00+00:00,ATL,GSW,1610612737,1610612744,Regular Season,1,0,0,State Farm Arena
0022600594,2027-01-15,2027-01-15 19:00:00+00:00,IND,PHX,1610612754,1610612756,Regular Season,1,0,0,Gainbridge Fieldhouse
0022600595,2027-01-15,2027-01-15 19:30:00+00:00,TOR,MIA,1610612761,1610612748,Regular Season,1,0,0,Scotiabank Arena
0022600596,2027-01-15,2027-01-15 20:00:00+00:00,MIL,CLE,1610612749,1610612739,Regular Season,1,0,0,Fiserv Forum
0022600597,2027-01-15,2027-01-15 20:00:00+00:00,OKC,UTA,1610612760,1610612762,Regular Season,1,0,0,Paycom Center
0022600598,2027-01-15,2027-01-15 20:30:00+00:00,HOU,WAS,1610612745,1610612764,Regular Season,1,0,0,Toyota Center
0022600599,2027-01-15,2027-01-15 22:00:00+00:00,POR,SAC,1610612757,1610612758,Regular Season,1,0,0,Moda Center
0022600600,2027-01-15,2027-01-15 22:30:00+00:00,LAC,ORL,1610612746,1610612753,Regular Season,1,0,0,Intuit Dome
0022600605,2027-01-16,2027-01-16 20:30:00+00:00,HOU,DET,1610612745,1610612765,Regular Season,1,0,0,Toyota Center
0022600604,2027-01-16,2027-01-16 20:00:00+00:00,MEM,CLE,1610612763,1610612739,Regular Season,1,0,0,FedExForum
0022600606,2027-01-16,2027-01-16 21:00:00+00:00,DEN,CHA,1610612743,1610612766,Regular Season,1,0,0,Ball Arena
0022600602,2027-01-16,2027-01-16 19:00:00+00:00,BOS,BKN,1610612738,1610612751,Regular Season,1,0,0,TD Garden
0022600603,2027-01-16,2027-01-16 19:30:00+00:00,NYK,DAL,1610612752,1610612742,Regular Season,1,0,0,Madison Square Garden
0022600601,2027-01-16,2027-01-16 12:30:00+00:00,PHI,MIN,1610612755,1610612750,Regular Season,1,0,0,Xfinity Mobile Arena
0022600076,2027-01-17,2027-01-17 10:30:00+00:00,NOP,SAS,1610612740,1610612759,NBA Manchester Game,1,0,0,Co-op Live
0022600607,2027-01-17,2027-01-17 13:00:00+00:00,WAS,IND,1610612764,1610612754,Regular Season,1,0,0,Capital One Arena
0022600608,2027-01-17,2027-01-17 15:30:00+00:00,CHI,TOR,1610612741,1610612761,Regular Season,1,0,0,United Center
0022600609,2027-01-17,2027-01-17 15:30:00+00:00,OKC,POR,1610612760,1610612757,Regular Season,1,0,0,Paycom Center
0022600610,2027-01-17,2027-01-17 17:00:00+00:00,UTA,SAC,1610612762,1610612758,Regular Season,1,0,0,Delta Center
0022600611,2027-01-17,2027-01-17 18:00:00+00:00,MIA,GSW,1610612748,1610612744,Regular Season,1,0,0,Kaseya Center
0022600612,2027-01-17,2027-01-17 20:00:00+00:00,DEN,ORL,1610612743,1610612753,Regular Season,1,0,0,Ball Arena
0022600613,2027-01-17,2027-01-17 21:00:00+00:00,LAL,MIL,1610612747,1610612749,Regular Season,1,0,0,Crypto.com Arena
0022600616,2027-01-18,2027-01-18 22:30:00+00:00,LAC,PHX,1610612746,1610612756,Regular Season,1,0,0,Intuit Dome
0022600615,2027-01-18,2027-01-18 20:00:00+00:00,DAL,OKC,1610612742,1610612760,Regular Season,1,0,0,American Airlines Center
0022600614,2027-01-18,2027-01-18 15:00:00+00:00,WAS,BOS,1610612764,1610612738,Regular Season,1,0,0,Capital One Arena
0022600077,2027-01-18,2027-01-18 12:00:00+00:00,CLE,DET,1610612739,1610612765,Regular Season,1,0,0,Rocket Arena
0022600079,2027-01-18,2027-01-18 17:00:00+00:00,NYK,MIN,1610612752,1610612750,Regular Season,1,0,0,Madison Square Garden
0022600078,2027-01-18,2027-01-18 14:30:00+00:00,ATL,PHI,1610612737,1610612755,Regular Season,1,0,0,State Farm Arena
0022600080,2027-01-18,2027-01-18 19:30:00+00:00,MEM,HOU,1610612763,1610612745,Regular Season,1,0,0,FedExForum
0022600622,2027-01-19,2027-01-19 22:00:00+00:00,DEN,UTA,1610612743,1610612762,Regular Season,1,0,0,Ball Arena
0022600623,2027-01-19,2027-01-19 22:00:00+00:00,SAC,LAL,1610612758,1610612747,Regular Season,1,0,0,Golden 1 Center
0022600621,2027-01-19,2027-01-19 20:00:00+00:00,DAL,CHA,1610612742,1610612766,Regular Season,1,0,0,American Airlines Center
0022600617,2027-01-19,2027-01-19 19:00:00+00:00,ORL,GSW,1610612753,1610612744,Regular Season,1,0,0,Kia Center
0022600619,2027-01-19,2027-01-19 19:00:00+00:00,TOR,CHI,1610612761,1610612741,Regular Season,1,0,0,Scotiabank Arena
0022600618,2027-01-19,2027-01-19 19:00:00+00:00,PHI,IND,1610612755,1610612754,Regular Season,1,0,0,Xfinity Mobile Arena
0022600620,2027-01-19,2027-01-19 19:30:00+00:00,MIA,POR,1610612748,1610612757,Regular Season,1,0,0,Kaseya Center
0022600633,2027-01-20,2027-01-20 22:00:00+00:00,SAC,MIL,1610612758,1610612749,Regular Season,1,0,0,Golden 1 Center
0022600624,2027-01-20,2027-01-20 19:00:00+00:00,ATL,POR,1610612737,1610612757,Regular Season,1,0,0,State Farm Arena
0022600625,2027-01-20,2027-01-20 19:00:00+00:00,BKN,CHI,1610612751,1610612741,Regular Season,1,0,0,Barclays Center
0022600626,2027-01-20,2027-01-20 19:30:00+00:00,BOS,IND,1610612738,1610612754,Regular Season,1,0,0,TD Garden
0022600627,2027-01-20,2027-01-20 19:30:00+00:00,NYK,TOR,1610612752,1610612761,Regular Season,1,0,0,Madison Square Garden
0022600628,2027-01-20,2027-01-20 20:00:00+00:00,MIN,HOU,1610612750,1610612745,Regular Season,1,0,0,Target Center
0022600629,2027-01-20,2027-01-20 20:00:00+00:00,NOP,OKC,1610612740,1610612760,Regular Season,1,0,0,Smoothie King Center
0022600630,2027-01-20,2027-01-20 21:00:00+00:00,PHX,MEM,1610612756,1610612763,Regular Season,1,0,0,Mortgage Matchup Center
0022600631,2027-01-20,2027-01-20 21:00:00+00:00,UTA,LAC,1610612762,1610612746,Regular Season,1,0,0,Delta Center
0022600632,2027-01-20,2027-01-20 21:30:00+00:00,SAS,MIA,1610612759,1610612748,Regular Season,1,0,0,Frost Bank Center
0022600637,2027-01-21,2027-01-21 22:00:00+00:00,GSW,LAL,1610612744,1610612747,Regular Season,1,0,0,Chase Center
0022600636,2027-01-21,2027-01-21 21:00:00+00:00,DEN,WAS,1610612743,1610612764,Regular Season,1,0,0,Ball Arena
0022600634,2027-01-21,2027-01-21 19:30:00+00:00,BOS,PHI,1610612738,1610612755,Regular Season,1,0,0,TD Garden
0022600635,2027-01-21,2027-01-21 19:30:00+00:00,BKN,CLE,1610612751,1610612739,Regular Season,1,0,0,Barclays Center
0022600638,2027-01-22,2027-01-22 19:00:00+00:00,ATL,NYK,1610612737,1610612752,Regular Season,1,0,0,State Farm Arena
0022600639,2027-01-22,2027-01-22 19:00:00+00:00,CHA,HOU,1610612766,1610612745,Regular Season,1,0,0,Spectrum Center
0022600640,2027-01-22,2027-01-22 19:00:00+00:00,ORL,POR,1610612753,1610612757,Regular Season,1,0,0,Kia Center
0022600641,2027-01-22,2027-01-22 19:30:00+00:00,DET,IND,1610612765,1610612754,Regular Season,1,0,0,Little Caesars Arena
0022600642,2027-01-22,2027-01-22 20:00:00+00:00,NOP,DAL,1610612740,1610612742,Regular Season,1,0,0,Smoothie King Center
0022600643,2027-01-22,2027-01-22 20:00:00+00:00,OKC,MEM,1610612760,1610612763,Regular Season,1,0,0,Paycom Center
0022600644,2027-01-22,2027-01-22 21:00:00+00:00,PHX,UTA,1610612756,1610612762,Regular Season,1,0,0,Mortgage Matchup Center
0022600645,2027-01-22,2027-01-22 21:30:00+00:00,SAS,MIN,1610612759,1610612750,Regular Season,1,0,0,Frost Bank Center
0022600646,2027-01-22,2027-01-22 22:00:00+00:00,GSW,MIL,1610612744,1610612749,Regular Season,1,0,0,Chase Center
0022600647,2027-01-22,2027-01-22 22:00:00+00:00,LAL,SAC,1610612747,1610612758,Regular Season,1,0,0,Crypto.com Arena
0022600648,2027-01-22,2027-01-22 22:30:00+00:00,LAC,WAS,1610612746,1610612764,Regular Season,1,0,0,Intuit Dome
0022600654,2027-01-23,2027-01-23 21:00:00+00:00,DEN,MIL,1610612743,1610612749,Regular Season,1,0,0,Ball Arena
0022600653,2027-01-23,2027-01-23 20:00:00+00:00,DAL,CLE,1610612742,1610612739,Regular Season,1,0,0,American Airlines Center
0022600652,2027-01-23,2027-01-23 20:00:00+00:00,MIA,ATL,1610612748,1610612737,Regular Season,1,0,0,Kaseya Center
0022600650,2027-01-23,2027-01-23 18:00:00+00:00,BKN,TOR,1610612751,1610612761,Regular Season,1,0,0,Barclays Center
0022600649,2027-01-23,2027-01-23 17:00:00+00:00,CHI,PHI,1610612741,1610612755,Regular Season,1,0,0,United Center
0022600651,2027-01-23,2027-01-23 19:00:00+00:00,BOS,CHA,1610612738,1610612766,Regular Season,1,0,0,TD Garden
0022600660,2027-01-24,2027-01-24 19:00:00+00:00,NYK,LAC,1610612752,1610612746,Regular Season,1,0,0,Madison Square Garden
0022600655,2027-01-24,2027-01-24 15:30:00+00:00,SAS,POR,1610612759,1610612757,Regular Season,1,0,0,Frost Bank Center
0022600656,2027-01-24,2027-01-24 16:00:00+00:00,PHX,UTA,1610612756,1610612762,Regular Season,1,0,0,Mortgage Matchup Center
0022600657,2027-01-24,2027-01-24 16:00:00+00:00,LAL,WAS,1610612747,1610612764,Regular Season,1,0,0,Crypto.com Arena
0022600658,2027-01-24,2027-01-24 18:00:00+00:00,DET,MIN,1610612765,1610612750,Regular Season,1,0,0,Little Caesars Arena
0022600659,2027-01-24,2027-01-24 18:00:00+00:00,ORL,HOU,1610612753,1610612745,Regular Season,1,0,0,Kia Center
0022600661,2027-01-24,2027-01-24 20:30:00+00:00,GSW,OKC,1610612744,1610612760,Regular Season,1,0,0,Chase Center
0022600667,2027-01-25,2027-01-25 20:00:00+00:00,MEM,MIN,1610612763,1610612750,Regular Season,1,0,0,FedExForum
0022600666,2027-01-25,2027-01-25 20:00:00+00:00,CHI,DAL,1610612741,1610612742,Regular Season,1,0,0,United Center
0022600665,2027-01-25,2027-01-25 19:30:00+00:00,BKN,MIA,1610612751,1610612748,Regular Season,1,0,0,Barclays Center
0022600668,2027-01-25,2027-01-25 20:00:00+00:00,NOP,CLE,1610612740,1610612739,Regular Season,1,0,0,Smoothie King Center
0022600663,2027-01-25,2027-01-25 19:00:00+00:00,CHA,ORL,1610612766,1610612753,Regular Season,1,0,0,Spectrum Center
0022600662,2027-01-25,2027-01-25 19:00:00+00:00,BOS,TOR,1610612738,1610612761,Regular Season,1,0,0,TD Garden
0022600664,2027-01-25,2027-01-25 19:00:00+00:00,PHI,LAC,1610612755,1610612746,Regular Season,1,0,0,Xfinity Mobile Arena
0022600669,2027-01-25,2027-01-25 21:30:00+00:00,DEN,SAC,1610612743,1610612758,Regular Season,1,0,0,Ball Arena
0022600675,2027-01-26,2027-01-26 22:00:00+00:00,POR,WAS,1610612757,1610612764,Regular Season,1,0,0,Moda Center
0022600676,2027-01-26,2027-01-26 23:00:00+00:00,LAL,OKC,1610612747,1610612760,AWS NBA Rivals Week,1,0,0,Crypto.com Arena
0022600674,2027-01-26,2027-01-26 21:00:00+00:00,UTA,MIL,1610612762,1610612749,Regular Season,1,0,0,Delta Center
0022600673,2027-01-26,2027-01-26 20:00:00+00:00,SAS,HOU,1610612759,1610612745,AWS NBA Rivals Week,1,0,0,Frost Bank Center
0022600672,2027-01-26,2027-01-26 19:30:00+00:00,NYK,PHX,1610612752,1610612756,Regular Season,1,0,0,Madison Square Garden
0022600671,2027-01-26,2027-01-26 19:00:00+00:00,IND,CHI,1610612754,1610612741,Regular Season,1,0,0,Gainbridge Fieldhouse
0022600670,2027-01-26,2027-01-26 19:00:00+00:00,DET,ATL,1610612765,1610612737,Regular Season,1,0,0,Little Caesars Arena
0022600677,2027-01-27,2027-01-27 19:00:00+00:00,CLE,DET,1610612739,1610612765,AWS NBA Rivals Week,1,0,0,Rocket Arena
0022600678,2027-01-27,2027-01-27 19:00:00+00:00,PHI,SAC,1610612755,1610612758,Regular Season,1,0,0,Xfinity Mobile Arena
0022600679,2027-01-27,2027-01-27 19:30:00+00:00,BOS,LAC,1610612738,1610612746,Regular Season,1,0,0,TD Garden
0022600680,2027-01-27,2027-01-27 19:30:00+00:00,BKN,PHX,1610612751,1610612756,Regular Season,1,0,0,Barclays Center
0022600681,2027-01-27,2027-01-27 19:30:00+00:00,TOR,DAL,1610612761,1610612742,Regular Season,1,0,0,Scotiabank Arena
0022600682,2027-01-27,2027-01-27 20:00:00+00:00,SAS,CHA,1610612759,1610612766,Regular Season,1,0,0,Frost Bank Center
0022600683,2027-01-27,2027-01-27 20:30:00+00:00,HOU,NOP,1610612745,1610612740,Regular Season,1,0,0,Toyota Center
0022600684,2027-01-27,2027-01-27 21:30:00+00:00,MIN,DEN,1610612750,1610612743,AWS NBA Rivals Week,1,0,0,Target Center
0022600685,2027-01-27,2027-01-27 22:00:00+00:00,POR,GSW,1610612757,1610612744,Regular Season,1,0,0,Moda Center
0022600693,2027-01-28,2027-01-28 21:30:00+00:00,MIL,MIA,1610612749,1610612748,AWS NBA Rivals Week,1,0,0,Fiserv Forum
0022600691,2027-01-28,2027-01-28 20:00:00+00:00,OKC,MEM,1610612760,1610612763,Regular Season,1,0,0,Paycom Center
0022600690,2027-01-28,2027-01-28 20:00:00+00:00,NOP,PHI,1610612740,1610612755,Regular Season,1,0,0,Smoothie King Center
0022600692,2027-01-28,2027-01-28 21:00:00+00:00,UTA,GSW,1610612762,1610612744,Regular Season,1,0,0,Delta Center
0022600688,2027-01-28,2027-01-28 19:00:00+00:00,ORL,CHI,1610612753,1610612741,Regular Season,1,0,0,Kia Center
0022600687,2027-01-28,2027-01-28 19:00:00+00:00,NYK,ATL,1610612752,1610612737,AWS NBA Rivals Week,1,0,0,Madison Square Garden
0022600686,2027-01-28,2027-01-28 19:00:00+00:00,IND,LAL,1610612754,1610612747,Regular Season,1,0,0,Gainbridge Fieldhouse
0022600689,2027-01-28,2027-01-28 19:00:00+00:00,WAS,SAC,1610612764,1610612758,Regular Season,1,0,0,Capital One Arena
0022600694,2027-01-29,2027-01-29 19:00:00+00:00,TOR,CLE,1610612761,1610612739,AWS NBA Rivals Week,1,0,0,Scotiabank Arena
0022600695,2027-01-29,2027-01-29 19:30:00+00:00,BOS,PHX,1610612738,1610612756,Regular Season,1,0,0,TD Garden
0022600696,2027-01-29,2027-01-29 19:30:00+00:00,BKN,LAC,1610612751,1610612746,Regular Season,1,0,0,Barclays Center
0022600697,2027-01-29,2027-01-29 20:00:00+00:00,DAL,DET,1610612742,1610612765,Regular Season,1,0,0,American Airlines Center
0022600698,2027-01-29,2027-01-29 20:30:00+00:00,HOU,ORL,1610612745,1610612753,Regular Season,1,0,0,Toyota Center
0022600699,2027-01-29,2027-01-29 21:30:00+00:00,MIN,CHA,1610612750,1610612766,AWS NBA Rivals Week,1,0,0,Target Center
0022600707,2027-01-30,2027-01-30 21:30:00+00:00,UTA,MEM,1610612762,1610612763,Regular Season,1,0,0,Delta Center
0022600706,2027-01-30,2027-01-30 20:30:00+00:00,NYK,LAL,1610612752,1610612747,AWS NBA Rivals Week,1,0,0,Madison Square Garden
0022600705,2027-01-30,2027-01-30 20:00:00+00:00,MIL,ATL,1610612749,1610612737,Regular Season,1,0,0,Fiserv Forum
0022600704,2027-01-30,2027-01-30 19:30:00+00:00,CLE,NOP,1610612739,1610612740,Regular Season,1,0,0,Rocket Arena
0022600700,2027-01-30,2027-01-30 12:30:00+00:00,MIA,PHI,1610612748,1610612755,AWS NBA Rivals Week,1,0,0,Kaseya Center
0022600702,2027-01-30,2027-01-30 17:30:00+00:00,GSW,SAS,1610612744,1610612759,AWS NBA Rivals Week,1,0,0,Chase Center
0022600701,2027-01-30,2027-01-30 15:00:00+00:00,OKC,DEN,1610612760,1610612743,AWS NBA Rivals Week,1,0,0,Paycom Center
0022600703,2027-01-30,2027-01-30 19:00:00+00:00,IND,WAS,1610612754,1610612764,Regular Season,1,0,0,Gainbridge Fieldhouse
0022600713,2027-01-31,2027-01-31 19:00:00+00:00,CHA,LAL,1610612766,1610612747,Regular Season,1,0,0,Spectrum Center
0022600715,2027-01-31,2027-01-31 20:30:00+00:00,DAL,HOU,1610612742,1610612745,Regular Season,1,0,0,American Airlines Center
0022600714,2027-01-31,2027-01-31 20:00:00+00:00,DEN,POR,1610612743,1610612757,Regular Season,1,0,0,Ball Arena
0022600712,2027-01-31,2027-01-31 18:00:00+00:00,OKC,CHI,1610612760,1610612741,Regular Season,1,0,0,Paycom Center
0022600711,2027-01-31,2027-01-31 18:00:00+00:00,MIN,PHX,1610612750,1610612756,Regular Season,1,0,0,Target Center
0022600710,2027-01-31,2027-01-31 18:00:00+00:00,TOR,BOS,1610612761,1610612738,Regular Season,1,0,0,Scotiabank Arena
0022600709,2027-01-31,2027-01-31 18:00:00+00:00,ORL,BKN,1610612753,1610612751,Regular Season,1,0,0,Kia Center
0022600708,2027-01-31,2027-01-31 15:00:00+00:00,DET,SAC,1610612765,1610612758,Regular Season,1,0,0,Little Caesars Arena
0022600716,2027-02-01,2027-02-01 19:00:00+00:00,ATL,WAS,1610612737,1610612764,Regular Season,1,0,0,State Farm Arena
0022600717,2027-02-01,2027-02-01 19:00:00+00:00,PHI,NOP,1610612755,1610612740,Regular Season,1,0,0,Xfinity Mobile Arena
0022600718,2027-02-01,2027-02-01 19:30:00+00:00,BKN,NYK,1610612751,1610612752,Regular Season,1,0,0,Barclays Center
0022600719,2027-02-01,2027-02-01 19:30:00+00:00,IND,MIA,1610612754,1610612748,Regular Season,1,0,0,Gainbridge Fieldhouse
0022600720,2027-02-01,2027-02-01 20:00:00+00:00,MIL,MEM,1610612749,1610612763,Regular Season,1,0,0,Fiserv Forum
0022600721,2027-02-01,2027-02-01 21:00:00+00:00,UTA,CLE,1610612762,1610612739,Regular Season,1,0,0,Delta Center
0022600722,2027-02-01,2027-02-01 22:00:00+00:00,GSW,SAS,1610612744,1610612759,Regular Season,1,0,0,Chase Center
0022600729,2027-02-02,2027-02-02 22:30:00+00:00,LAC,SAS,1610612746,1610612759,Regular Season,1,0,0,Intuit Dome
0022600728,2027-02-02,2027-02-02 21:00:00+00:00,DEN,OKC,1610612743,1610612760,Regular Season,1,0,0,Ball Arena
0022600727,2027-02-02,2027-02-02 20:00:00+00:00,DAL,TOR,1610612742,1610612761,Regular Season,1,0,0,American Airlines Center
0022600730,2027-02-02,2027-02-02 23:00:00+00:00,POR,MIN,1610612757,1610612750,Regular Season,1,0,0,Moda Center
0022600725,2027-02-02,2027-02-02 19:30:00+00:00,MIA,CHA,1610612748,1610612766,Regular Season,1,0,0,Kaseya Center
0022600724,2027-02-02,2027-02-02 19:00:00+00:00,ORL,NOP,1610612753,1610612740,Regular Season,1,0,0,Kia Center
0022600723,2027-02-02,2027-02-02 19:00:00+00:00,DET,CHI,1610612765,1610612741,Regular Season,1,0,0,Little Caesars Arena
0022600726,2027-02-02,2027-02-02 20:00:00+00:00,BOS,LAL,1610612738,1610612747,Regular Season,1,0,0,TD Garden
0022600731,2027-02-03,2027-02-03 19:00:00+00:00,DET,NYK,1610612765,1610612752,NBA Pioneers Classic,1,0,0,Little Caesars Arena
0022600732,2027-02-03,2027-02-03 19:00:00+00:00,IND,ATL,1610612754,1610612737,Regular Season,1,0,0,Gainbridge Fieldhouse
0022600733,2027-02-03,2027-02-03 20:00:00+00:00,MEM,PHI,1610612763,1610612755,Regular Season,1,0,0,FedExForum
0022600734,2027-02-03,2027-02-03 21:00:00+00:00,PHX,CLE,1610612756,1610612739,Regular Season,1,0,0,Mortgage Matchup Center
0022600735,2027-02-03,2027-02-03 21:30:00+00:00,HOU,UTA,1610612745,1610612762,Regular Season,1,0,0,Toyota Center
0022600736,2027-02-03,2027-02-03 22:30:00+00:00,LAC,GSW,1610612746,1610612744,Regular Season,1,0,0,Intuit Dome
0022600746,2027-02-04,2027-02-04 22:00:00+00:00,SAC,MIN,1610612758,1610612750,Regular Season,1,0,0,Golden 1 Center
0022600745,2027-02-04,2027-02-04 22:00:00+00:00,POR,CLE,1610612757,1610612739,Regular Season,1,0,0,Moda Center
0022600744,2027-02-04,2027-02-04 22:00:00+00:00,DEN,DAL,1610612743,1610612742,Regular Season,1,0,0,Ball Arena
0022600743,2027-02-04,2027-02-04 20:00:00+00:00,SAS,ORL,1610612759,1610612753,Regular Season,1,0,0,Frost Bank Center
0022600742,2027-02-04,2027-02-04 20:00:00+00:00,CHI,OKC,1610612741,1610612760,Regular Season,1,0,0,United Center
0022600737,2027-02-04,2027-02-04 19:00:00+00:00,WAS,NOP,1610612764,1610612740,Regular Season,1,0,0,Capital One Arena
0022600740,2027-02-04,2027-02-04 19:30:00+00:00,MIA,MIL,1610612748,1610612749,Regular Season,1,0,0,Kaseya Center
0022600739,2027-02-04,2027-02-04 19:30:00+00:00,CHA,BOS,1610612766,1610612738,Regular Season,1,0,0,Spectrum Center
0022600738,2027-02-04,2027-02-04 19:30:00+00:00,BKN,LAL,1610612751,1610612747,Regular Season,1,0,0,Barclays Center
0022600741,2027-02-04,2027-02-04 19:30:00+00:00,NYK,TOR,1610612752,1610612761,Regular Season,1,0,0,Madison Square Garden
0022600751,2027-02-05,2027-02-05 21:00:00+00:00,PHX,HOU,1610612756,1610612745,Regular Season,1,0,0,Mortgage Matchup Center
0022600752,2027-02-05,2027-02-05 21:30:00+00:00,OKC,IND,1610612760,1610612754,Regular Season,1,0,0,Paycom Center
0022600750,2027-02-05,2027-02-05 21:00:00+00:00,DEN,LAC,1610612743,1610612746,Regular Season,1,0,0,Ball Arena
0022600748,2027-02-05,2027-02-05 19:00:00+00:00,CHA,GSW,1610612766,1610612744,Regular Season,1,0,0,Spectrum Center
0022600749,2027-02-05,2027-02-05 19:00:00+00:00,PHI,DET,1610612755,1610612765,Regular Season,1,0,0,Xfinity Mobile Arena
0022600747,2027-02-05,2027-02-05 19:00:00+00:00,ATL,BOS,1610612737,1610612738,Regular Season,1,0,0,State Farm Arena
0022600753,2027-02-06,2027-02-06 15:00:00+00:00,DAL,UTA,1610612742,1610612762,Regular Season,1,0,0,American Airlines Center
0022600754,2027-02-06,2027-02-06 15:00:00+00:00,MIN,MIA,1610612750,1610612748,Regular Season,1,0,0,Target Center
0022600755,2027-02-06,2027-02-06 17:30:00+00:00,MEM,POR,1610612763,1610612757,Regular Season,1,0,0,FedExForum
0022600756,2027-02-06,2027-02-06 18:00:00+00:00,BKN,WAS,1610612751,1610612764,Regular Season,1,0,0,Barclays Center
0022600757,2027-02-06,2027-02-06 19:30:00+00:00,CLE,ORL,1610612739,1610612753,Regular Season,1,0,0,Rocket Arena
0022600758,2027-02-06,2027-02-06 19:30:00+00:00,TOR,MIL,1610612761,1610612749,Regular Season,1,0,0,Scotiabank Arena
0022600759,2027-02-06,2027-02-06 20:00:00+00:00,CHI,NOP,1610612741,1610612740,Regular Season,1,0,0,United Center
0022600760,2027-02-06,2027-02-06 20:30:00+00:00,SAS,LAL,1610612759,1610612747,Regular Season,1,0,0,Frost Bank Center
0022600761,2027-02-06,2027-02-06 22:00:00+00:00,SAC,PHX,1610612758,1610612756,Regular Season,1,0,0,Golden 1 Center
0022600769,2027-02-07,2027-02-07 22:30:00+00:00,SAC,HOU,1610612758,1610612745,Regular Season,1,0,0,Golden 1 Center
0022600768,2027-02-07,2027-02-07 21:30:00+00:00,OKC,NYK,1610612760,1610612752,Regular Season,1,0,0,Paycom Center
0022600767,2027-02-07,2027-02-07 19:00:00+00:00,PHI,BOS,1610612755,1610612738,Regular Season,1,0,0,Xfinity Mobile Arena
0022600766,2027-02-07,2027-02-07 18:00:00+00:00,TOR,CHA,1610612761,1610612766,Regular Season,1,0,0,Scotiabank Arena
0022600762,2027-02-07,2027-02-07 15:00:00+00:00,ATL,DEN,1610612737,1610612743,Regular Season,1,0,0,State Farm Arena
0022600764,2027-02-07,2027-02-07 15:30:00+00:00,MIN,UTA,1610612750,1610612762,Regular Season,1,0,0,Target Center
0022600763,2027-02-07,2027-02-07 15:00:00+00:00,DET,GSW,1610612765,1610612744,Regular Season,1,0,0,Little Caesars Arena
0022600765,2027-02-07,2027-02-07 16:30:00+00:00,DAL,LAC,1610612742,1610612746,Regular Season,1,0,0,American Airlines Center
0022600776,2027-02-08,2027-02-08 21:30:00+00:00,PHX,LAL,1610612756,1610612747,Regular Season,1,0,0,Mortgage Matchup Center
0022600775,2027-02-08,2027-02-08 20:00:00+00:00,MIL,ORL,1610612749,1610612753,Regular Season,1,0,0,Fiserv Forum
0022600774,2027-02-08,2027-02-08 20:00:00+00:00,MEM,POR,1610612763,1610612757,Regular Season,1,0,0,FedExForum
0022600771,2027-02-08,2027-02-08 19:00:00+00:00,IND,NOP,1610612754,1610612740,Regular Season,1,0,0,Gainbridge Fieldhouse
0022600772,2027-02-08,2027-02-08 19:00:00+00:00,PHI,BKN,1610612755,1610612751,Regular Season,1,0,0,Xfinity Mobile Arena
0022600770,2027-02-08,2027-02-08 19:00:00+00:00,ATL,MIA,1610612737,1610612748,Regular Season,1,0,0,State Farm Arena
0022600773,2027-02-08,2027-02-08 19:00:00+00:00,WAS,CHI,1610612764,1610612741,Regular Season,1,0,0,Capital One Arena
0022600786,2027-02-09,2027-02-09 22:30:00+00:00,LAC,DET,1610612746,1610612765,Regular Season,1,0,0,Intuit Dome
0022600777,2027-02-09,2027-02-09 19:00:00+00:00,CLE,TOR,1610612739,1610612761,Regular Season,1,0,0,Rocket Arena
0022600778,2027-02-09,2027-02-09 19:30:00+00:00,BOS,DEN,1610612738,1610612743,Regular Season,1,0,0,TD Garden
0022600779,2027-02-09,2027-02-09 19:30:00+00:00,BKN,MIN,1610612751,1610612750,Regular Season,1,0,0,Barclays Center
0022600780,2027-02-09,2027-02-09 19:30:00+00:00,NYK,CHA,1610612752,1610612766,Regular Season,1,0,0,Madison Square Garden
0022600781,2027-02-09,2027-02-09 20:00:00+00:00,CHI,GSW,1610612741,1610612744,Regular Season,1,0,0,United Center
0022600782,2027-02-09,2027-02-09 20:00:00+00:00,DAL,SAS,1610612742,1610612759,Regular Season,1,0,0,American Airlines Center
0022600783,2027-02-09,2027-02-09 20:00:00+00:00,MIL,SAC,1610612749,1610612758,Regular Season,1,0,0,Fiserv Forum
0022600784,2027-02-09,2027-02-09 20:00:00+00:00,OKC,POR,1610612760,1610612757,Regular Season,1,0,0,Paycom Center
0022600785,2027-02-09,2027-02-09 22:00:00+00:00,UTA,HOU,1610612762,1610612745,Regular Season,1,0,0,Delta Center
0022600792,2027-02-10,2027-02-10 21:00:00+00:00,PHX,DET,1610612756,1610612765,Regular Season,1,0,0,Mortgage Matchup Center
0022600789,2027-02-10,2027-02-10 19:00:00+00:00,WAS,MIA,1610612764,1610612748,Regular Season,1,0,0,Capital One Arena
0022600793,2027-02-10,2027-02-10 22:00:00+00:00,LAL,LAC,1610612747,1610612746,Regular Season,1,0,0,Crypto.com Arena
0022600791,2027-02-10,2027-02-10 20:00:00+00:00,MEM,ORL,1610612763,1610612753,Regular Season,1,0,0,FedExForum
0022600788,2027-02-10,2027-02-10 19:00:00+00:00,IND,CLE,1610612754,1610612739,Regular Season,1,0,0,Gainbridge Fieldhouse
0022600787,2027-02-10,2027-02-10 19:00:00+00:00,ATL,NOP,1610612737,1610612740,Regular Season,1,0,0,State Farm Arena
0022600790,2027-02-10,2027-02-10 19:30:00+00:00,BOS,GSW,1610612738,1610612744,Regular Season,1,0,0,TD Garden
0022600794,2027-02-11,2027-02-11 19:00:00+00:00,CHA,MIL,1610612766,1610612749,Regular Season,1,0,0,Spectrum Center
0022600795,2027-02-11,2027-02-11 19:00:00+00:00,IND,UTA,1610612754,1610612762,Regular Season,1,0,0,Gainbridge Fieldhouse
0022600796,2027-02-11,2027-02-11 19:00:00+00:00,PHI,NYK,1610612755,1610612752,Regular Season,1,0,0,Xfinity Mobile Arena
0022600797,2027-02-11,2027-02-11 20:00:00+00:00,DAL,POR,1610612742,1610612757,Regular Season,1,0,0,American Airlines Center
0022600798,2027-02-11,2027-02-11 20:30:00+00:00,HOU,SAC,1610612745,1610612758,Regular Season,1,0,0,Toyota Center
0022600799,2027-02-11,2027-02-11 21:00:00+00:00,DEN,CHI,1610612743,1610612741,Regular Season,1,0,0,Ball Arena
0022600800,2027-02-11,2027-02-11 21:30:00+00:00,OKC,SAS,1610612760,1610612759,Regular Season,1,0,0,Paycom Center
0022600807,2027-02-12,2027-02-12 20:00:00+00:00,NOP,HOU,1610612740,1610612745,Regular Season,1,0,0,Smoothie King Center
0022600808,2027-02-12,2027-02-12 22:30:00+00:00,LAL,DEN,1610612747,1610612743,Regular Season,1,0,0,Crypto.com Arena
0022600806,2027-02-12,2027-02-12 20:00:00+00:00,MEM,LAC,1610612763,1610612746,Regular Season,1,0,0,FedExForum
0022600805,2027-02-12,2027-02-12 20:00:00+00:00,BOS,MIN,1610612738,1610612750,Regular Season,1,0,0,TD Garden
0022600801,2027-02-12,2027-02-12 19:00:00+00:00,ATL,PHX,1610612737,1610612756,Regular Season,1,0,0,State Farm Arena
0022600803,2027-02-12,2027-02-12 19:00:00+00:00,WAS,BKN,1610612764,1610612751,Regular Season,1,0,0,Capital One Arena
0022600802,2027-02-12,2027-02-12 19:00:00+00:00,ORL,MIA,1610612753,1610612748,Regular Season,1,0,0,Kia Center
0022600804,2027-02-12,2027-02-12 19:30:00+00:00,TOR,CLE,1610612761,1610612739,Regular Season,1,0,0,Scotiabank Arena
0022600815,2027-02-13,2027-02-13 20:30:00+00:00,NYK,GSW,1610612752,1610612744,Regular Season,1,0,0,Madison Square Garden
0022600814,2027-02-13,2027-02-13 19:00:00+00:00,WAS,MIL,1610612764,1610612749,Regular Season,1,0,0,Capital One Arena
0022600813,2027-02-13,2027-02-13 19:00:00+00:00,ORL,SAS,1610612753,1610612759,Regular Season,1,0,0,Kia Center
0022600809,2027-02-13,2027-02-13 14:00:00+00:00,IND,SAC,1610612754,1610612758,Regular Season,1,0,0,Gainbridge Fieldhouse
0022600811,2027-02-13,2027-02-13 15:30:00+00:00,POR,DET,1610612757,1610612765,Regular Season,1,0,0,Moda Center
0022600810,2027-02-13,2027-02-13 15:00:00+00:00,CHA,DAL,1610612766,1610612742,Regular Season,1,0,0,Spectrum Center
0022600812,2027-02-13,2027-02-13 17:30:00+00:00,OKC,PHI,1610612760,1610612755,Regular Season,1,0,0,Paycom Center
0022600822,2027-02-14,2027-02-14 15:30:00+00:00,POR,CHI,1610612757,1610612741,Regular Season,1,0,0,Moda Center
0022600816,2027-02-14,2027-02-14 13:00:00+00:00,ATL,SAC,1610612737,1610612758,Regular Season,1,0,0,State Farm Arena
0022600817,2027-02-14,2027-02-14 13:00:00+00:00,BOS,TOR,1610612738,1610612761,Regular Season,1,0,0,TD Garden
0022600818,2027-02-14,2027-02-14 13:00:00+00:00,CLE,PHX,1610612739,1610612756,Regular Season,1,0,0,Rocket Arena
0022600819,2027-02-14,2027-02-14 13:00:00+00:00,MIA,BKN,1610612748,1610612751,Regular Season,1,0,0,Kaseya Center
0022600820,2027-02-14,2027-02-14 14:00:00+00:00,HOU,DEN,1610612745,1610612743,Regular Season,1,0,0,Toyota Center
0022600821,2027-02-14,2027-02-14 14:00:00+00:00,NOP,LAC,1610612740,1610612746,Regular Season,1,0,0,Smoothie King Center
0022600824,2027-02-15,2027-02-15 20:00:00+00:00,MEM,NYK,1610612763,1610612752,Regular Season,1,0,0,FedExForum
0022600823,2027-02-15,2027-02-15 19:00:00+00:00,WAS,PHX,1610612764,1610612756,Regular Season,1,0,0,Capital One Arena
0022600825,2027-02-15,2027-02-15 20:00:00+00:00,OKC,ORL,1610612760,1610612753,Regular Season,1,0,0,Paycom Center
0022600826,2027-02-15,2027-02-15 21:00:00+00:00,UTA,DET,1610612762,1610612765,Regular Season,1,0,0,Delta Center
0022600084,2027-02-15,2027-02-15 19:30:00+00:00,GSW,IND,1610612744,1610612754,Regular Season,1,0,0,Chase Center
0022600082,2027-02-15,2027-02-15 14:30:00+00:00,DAL,PHI,1610612742,1610612755,Regular Season,1,0,0,American Airlines Center
0022600083,2027-02-15,2027-02-15 17:00:00+00:00,MIA,SAS,1610612748,1610612759,Regular Season,1,0,0,Kaseya Center
0022600081,2027-02-15,2027-02-15 12:00:00+00:00,CHA,MIN,1610612766,1610612750,Regular Season,1,0,0,Spectrum Center
0022600827,2027-02-16,2027-02-16 19:00:00+00:00,CLE,MIL,1610612739,1610612749,Regular Season,1,0,0,Rocket Arena
0022600828,2027-02-16,2027-02-16 20:00:00+00:00,ATL,TOR,1610612737,1610612761,Regular Season,1,0,0,State Farm Arena
0022600829,2027-02-16,2027-02-16 22:00:00+00:00,LAL,CHI,1610612747,1610612741,Regular Season,1,0,0,Crypto.com Arena
0022600830,2027-02-16,2027-02-16 22:00:00+00:00,POR,NOP,1610612757,1610612740,Regular Season,1,0,0,Moda Center
0022600831,2027-02-16,2027-02-16 23:00:00+00:00,LAC,HOU,1610612746,1610612745,Regular Season,1,0,0,Intuit Dome
0022600843,2027-02-17,2027-02-17 22:00:00+00:00,SAC,IND,1610612758,1610612754,Regular Season,1,0,0,Golden 1 Center
0022600844,2027-02-17,2027-02-17 22:30:00+00:00,LAC,CHI,1610612746,1610612741,Regular Season,1,0,0,Intuit Dome
0022600841,2027-02-17,2027-02-17 21:30:00+00:00,OKC,BOS,1610612760,1610612738,Regular Season,1,0,0,Paycom Center
0022600840,2027-02-17,2027-02-17 21:00:00+00:00,DEN,UTA,1610612743,1610612762,Regular Season,1,0,0,Ball Arena
0022600839,2027-02-17,2027-02-17 20:00:00+00:00,MEM,SAS,1610612763,1610612759,Regular Season,1,0,0,FedExForum
0022600838,2027-02-17,2027-02-17 19:30:00+00:00,BKN,ATL,1610612751,1610612737,Regular Season,1,0,0,Barclays Center
0022600842,2027-02-17,2027-02-17 22:00:00+00:00,GSW,NOP,1610612744,1610612740,Regular Season,1,0,0,Chase Center
0022600836,2027-02-17,2027-02-17 19:00:00+00:00,PHI,PHX,1610612755,1610612756,Regular Season,1,0,0,Xfinity Mobile Arena
0022600835,2027-02-17,2027-02-17 19:00:00+00:00,ORL,DAL,1610612753,1610612742,Regular Season,1,0,0,Kia Center
0022600834,2027-02-17,2027-02-17 19:00:00+00:00,DET,NYK,1610612765,1610612752,Regular Season,1,0,0,Little Caesars Arena
0022600833,2027-02-17,2027-02-17 19:00:00+00:00,CLE,MIL,1610612739,1610612749,Regular Season,1,0,0,Rocket Arena
0022600832,2027-02-17,2027-02-17 19:00:00+00:00,CHA,TOR,1610612766,1610612761,Regular Season,1,0,0,Spectrum Center
0022600837,2027-02-17,2027-02-17 19:00:00+00:00,WAS,MIA,1610612764,1610612748,Regular Season,1,0,0,Capital One Arena
0022600845,2027-02-18,2027-02-18 19:30:00+00:00,MIN,SAS,1610612750,1610612759,Regular Season,1,0,0,Target Center
0022600846,2027-02-18,2027-02-18 20:00:00+00:00,MEM,BOS,1610612763,1610612738,Regular Season,1,0,0,FedExForum
0022600847,2027-02-18,2027-02-18 22:00:00+00:00,LAL,HOU,1610612747,1610612745,Regular Season,1,0,0,Crypto.com Arena
0022600848,2027-02-18,2027-02-18 22:00:00+00:00,POR,IND,1610612757,1610612754,Regular Season,1,0,0,Moda Center
0022600858,2027-02-25,2027-02-25 22:30:00+00:00,LAC,UTA,1610612746,1610612762,Regular Season,1,0,0,Intuit Dome
0022600857,2027-02-25,2027-02-25 22:00:00+00:00,GSW,DAL,1610612744,1610612742,Regular Season,1,0,0,Chase Center
0022600856,2027-02-25,2027-02-25 20:00:00+00:00,NOP,PHX,1610612740,1610612756,Regular Season,1,0,0,Smoothie King Center
0022600855,2027-02-25,2027-02-25 20:00:00+00:00,MIL,WAS,1610612749,1610612764,Regular Season,1,0,0,Fiserv Forum
0022600854,2027-02-25,2027-02-25 20:00:00+00:00,CHI,ATL,1610612741,1610612737,Regular Season,1,0,0,United Center
0022600850,2027-02-25,2027-02-25 19:00:00+00:00,DET,MIA,1610612765,1610612748,Regular Season,1,0,0,Little Caesars Arena
0022600852,2027-02-25,2027-02-25 19:30:00+00:00,BKN,PHI,1610612751,1610612755,Regular Season,1,0,0,Barclays Center
0022600851,2027-02-25,2027-02-25 19:00:00+00:00,ORL,CHA,1610612753,1610612766,Regular Season,1,0,0,Kia Center
0022600849,2027-02-25,2027-02-25 19:00:00+00:00,CLE,SAC,1610612739,1610612758,Regular Season,1,0,0,Rocket Arena
0022600853,2027-02-25,2027-02-25 19:30:00+00:00,NYK,OKC,1610612752,1610612760,Regular Season,1,0,0,Madison Square Garden
0022600863,2027-02-26,2027-02-26 20:30:00+00:00,HOU,CHA,1610612745,1610612766,Regular Season,1,0,0,Toyota Center
0022600864,2027-02-26,2027-02-26 22:00:00+00:00,DEN,LAL,1610612743,1610612747,Regular Season,1,0,0,Ball Arena
0022600865,2027-02-26,2027-02-26 22:00:00+00:00,POR,DAL,1610612757,1610612742,Regular Season,1,0,0,Moda Center
0022600861,2027-02-26,2027-02-26 20:00:00+00:00,MIN,IND,1610612750,1610612754,Regular Season,1,0,0,Target Center
0022600860,2027-02-26,2027-02-26 19:30:00+00:00,TOR,ATL,1610612761,1610612737,Regular Season,1,0,0,Scotiabank Arena
0022600859,2027-02-26,2027-02-26 19:30:00+00:00,BOS,CLE,1610612738,1610612739,Regular Season,1,0,0,TD Garden
0022600862,2027-02-26,2027-02-26 20:00:00+00:00,SAS,MEM,1610612759,1610612763,Regular Season,1,0,0,Moody Center
0022600866,2027-02-27,2027-02-27 15:00:00+00:00,UTA,WAS,1610612762,1610612764,Regular Season,1,0,0,Delta Center
0022600867,2027-02-27,2027-02-27 17:30:00+00:00,DET,OKC,1610612765,1610612760,Regular Season,1,0,0,Little Caesars Arena
0022600868,2027-02-27,2027-02-27 20:00:00+00:00,CHI,BKN,1610612741,1610612751,Regular Season,1,0,0,United Center
0022600869,2027-02-27,2027-02-27 20:00:00+00:00,MEM,SAC,1610612763,1610612758,Regular Season,1,0,0,FedExForum
0022600870,2027-02-27,2027-02-27 20:30:00+00:00,NYK,PHI,1610612752,1610612755,Regular Season,1,0,0,Madison Square Garden
0022600871,2027-02-27,2027-02-27 21:00:00+00:00,PHX,NOP,1610612756,1610612740,Regular Season,1,0,0,Mortgage Matchup Center
0022600879,2027-02-28,2027-02-28 21:30:00+00:00,HOU,MIA,1610612745,1610612748,Regular Season,1,0,0,Toyota Center
0022600878,2027-02-28,2027-02-28 19:30:00+00:00,NYK,MIL,1610612752,1610612749,Regular Season,1,0,0,Madison Square Garden
0022600877,2027-02-28,2027-02-28 19:00:00+00:00,MIN,BOS,1610612750,1610612738,Regular Season,1,0,0,Target Center
0022600876,2027-02-28,2027-02-28 19:00:00+00:00,CHA,SAC,1610612766,1610612758,Regular Season,1,0,0,Spectrum Center
0022600880,2027-02-28,2027-02-28 22:30:00+00:00,LAC,POR,1610612746,1610612757,Regular Season,1,0,0,Intuit Dome
0022600874,2027-02-28,2027-02-28 16:00:00+00:00,IND,TOR,1610612754,1610612761,Regular Season,1,0,0,Gainbridge Fieldhouse
0022600873,2027-02-28,2027-02-28 15:30:00+00:00,DAL,LAL,1610612742,1610612747,Regular Season,1,0,0,American Airlines Center
0022600872,2027-02-28,2027-02-28 13:00:00+00:00,SAS,DEN,1610612759,1610612743,Regular Season,1,0,0,Moody Center
0022600875,2027-02-28,2027-02-28 16:30:00+00:00,ORL,ATL,1610612753,1610612737,Regular Season,1,0,0,Kia Center
0022600881,2027-03-01,2027-03-01 19:00:00+00:00,CLE,PHI,1610612739,1610612755,Regular Season,1,0,0,Rocket Arena
0022600882,2027-03-01,2027-03-01 19:00:00+00:00,DET,CHI,1610612765,1610612741,Regular Season,1,0,0,Little Caesars Arena
0022600883,2027-03-01,2027-03-01 20:00:00+00:00,NOP,UTA,1610612740,1610612762,Regular Season,1,0,0,Smoothie King Center
0022600884,2027-03-01,2027-03-01 20:30:00+00:00,HOU,GSW,1610612745,1610612744,Regular Season,1,0,0,Toyota Center
0022600885,2027-03-01,2027-03-01 21:00:00+00:00,DEN,BKN,1610612743,1610612751,Regular Season,1,0,0,Ball Arena
0022600886,2027-03-01,2027-03-01 21:30:00+00:00,PHX,WAS,1610612756,1610612764,Regular Season,1,0,0,Mortgage Matchup Center
0022600895,2027-03-02,2027-03-02 23:00:00+00:00,POR,LAC,1610612757,1610612746,Regular Season,1,0,0,Moda Center
0022600894,2027-03-02,2027-03-02 22:00:00+00:00,SAC,WAS,1610612758,1610612764,Regular Season,1,0,0,Golden 1 Center
0022600893,2027-03-02,2027-03-02 20:00:00+00:00,OKC,MIN,1610612760,1610612750,Regular Season,1,0,0,Paycom Center
0022600892,2027-03-02,2027-03-02 20:00:00+00:00,MIL,DET,1610612749,1610612765,Regular Season,1,0,0,Fiserv Forum
0022600887,2027-03-02,2027-03-02 19:00:00+00:00,IND,BOS,1610612754,1610612738,Regular Season,1,0,0,Gainbridge Fieldhouse
0022600890,2027-03-02,2027-03-02 19:30:00+00:00,NYK,MEM,1610612752,1610612763,Regular Season,1,0,0,Madison Square Garden
0022600889,2027-03-02,2027-03-02 19:30:00+00:00,MIA,TOR,1610612748,1610612761,Regular Season,1,0,0,Kaseya Center
0022600888,2027-03-02,2027-03-02 19:00:00+00:00,ORL,LAL,1610612753,1610612747,Regular Season,1,0,0,Kia Center
0022600891,2027-03-02,2027-03-02 20:00:00+00:00,DAL,GSW,1610612742,1610612744,Regular Season,1,0,0,American Airlines Center
0022600902,2027-03-03,2027-03-03 22:00:00+00:00,DEN,SAS,1610612743,1610612759,Regular Season,1,0,0,Ball Arena
0022600901,2027-03-03,2027-03-03 21:00:00+00:00,PHX,BKN,1610612756,1610612751,Regular Season,1,0,0,Mortgage Matchup Center
0022600900,2027-03-03,2027-03-03 20:30:00+00:00,HOU,NOP,1610612745,1610612740,Regular Season,1,0,0,Toyota Center
0022600897,2027-03-03,2027-03-03 19:00:00+00:00,PHI,CHA,1610612755,1610612766,Regular Season,1,0,0,Xfinity Mobile Arena
0022600898,2027-03-03,2027-03-03 19:30:00+00:00,MIA,TOR,1610612748,1610612761,Regular Season,1,0,0,Kaseya Center
0022600896,2027-03-03,2027-03-03 19:00:00+00:00,ATL,CHI,1610612737,1610612741,Regular Season,1,0,0,State Farm Arena
0022600899,2027-03-03,2027-03-03 20:00:00+00:00,MIL,UTA,1610612749,1610612762,Regular Season,1,0,0,Fiserv Forum
0022600910,2027-03-04,2027-03-04 22:30:00+00:00,LAC,BKN,1610612746,1610612751,Regular Season,1,0,0,Intuit Dome
0022600908,2027-03-04,2027-03-04 22:00:00+00:00,GSW,WAS,1610612744,1610612764,Regular Season,1,0,0,Chase Center
0022600907,2027-03-04,2027-03-04 21:30:00+00:00,DAL,NYK,1610612742,1610612752,Regular Season,1,0,0,American Airlines Center
0022600909,2027-03-04,2027-03-04 22:00:00+00:00,SAC,OKC,1610612758,1610612760,Regular Season,1,0,0,Golden 1 Center
0022600905,2027-03-04,2027-03-04 19:00:00+00:00,PHI,LAL,1610612755,1610612747,Regular Season,1,0,0,Xfinity Mobile Arena
0022600904,2027-03-04,2027-03-04 19:00:00+00:00,ORL,IND,1610612753,1610612754,Regular Season,1,0,0,Kia Center
0022600903,2027-03-04,2027-03-04 19:00:00+00:00,CLE,POR,1610612739,1610612757,Regular Season,1,0,0,Rocket Arena
0022600906,2027-03-04,2027-03-04 19:30:00+00:00,ATL,MEM,1610612737,1610612763,Regular Season,1,0,0,State Farm Arena
0022600911,2027-03-05,2027-03-05 19:00:00+00:00,DET,BOS,1610612765,1610612738,Regular Season,1,0,0,Little Caesars Arena
0022600912,2027-03-05,2027-03-05 19:00:00+00:00,ORL,UTA,1610612753,1610612762,Regular Season,1,0,0,Kia Center
0022600913,2027-03-05,2027-03-05 19:30:00+00:00,TOR,POR,1610612761,1610612757,Regular Season,1,0,0,Scotiabank Arena
0022600914,2027-03-05,2027-03-05 20:00:00+00:00,NOP,MIL,1610612740,1610612749,Regular Season,1,0,0,Smoothie King Center
0022600915,2027-03-05,2027-03-05 21:00:00+00:00,PHX,MIN,1610612756,1610612750,Regular Season,1,0,0,Mortgage Matchup Center
0022600916,2027-03-05,2027-03-05 21:30:00+00:00,HOU,SAS,1610612745,1610612759,Regular Season,1,0,0,Toyota Center
0022600922,2027-03-06,2027-03-06 20:30:00+00:00,LAL,OKC,1610612747,1610612760,Regular Season,1,0,0,Crypto.com Arena
0022600923,2027-03-06,2027-03-06 22:00:00+00:00,SAC,LAC,1610612758,1610612746,Regular Season,1,0,0,Golden 1 Center
0022600921,2027-03-06,2027-03-06 20:00:00+00:00,MEM,NOP,1610612763,1610612740,Regular Season,1,0,0,FedExForum
0022600920,2027-03-06,2027-03-06 19:00:00+00:00,WAS,UTA,1610612764,1610612762,Regular Season,1,0,0,Capital One Arena
0022600919,2027-03-06,2027-03-06 17:30:00+00:00,CLE,ATL,1610612739,1610612737,Regular Season,1,0,0,Rocket Arena
0022600918,2027-03-06,2027-03-06 17:00:00+00:00,CHI,CHA,1610612741,1610612766,Regular Season,1,0,0,United Center
0022600917,2027-03-06,2027-03-06 15:00:00+00:00,MIA,IND,1610612748,1610612754,Regular Season,1,0,0,Kaseya Center
0022600924,2027-03-07,2027-03-07 13:00:00+00:00,BOS,PHI,1610612738,1610612755,Regular Season,1,0,0,TD Garden
0022600925,2027-03-07,2027-03-07 15:30:00+00:00,DEN,MIN,1610612743,1610612750,Regular Season,1,0,0,Ball Arena
0022600926,2027-03-07,2027-03-07 17:00:00+00:00,CHI,POR,1610612741,1610612757,Regular Season,1,0,0,United Center
0022600927,2027-03-07,2027-03-07 19:30:00+00:00,SAS,NYK,1610612759,1610612752,Regular Season,1,0,0,Frost Bank Center
0022600928,2027-03-07,2027-03-07 22:00:00+00:00,GSW,HOU,1610612744,1610612745,Regular Season,1,0,0,Chase Center
0022600929,2027-03-07,2027-03-07 22:30:00+00:00,LAL,BKN,1610612747,1610612751,Regular Season,1,0,0,Crypto.com Arena
0022600937,2027-03-08,2027-03-08 22:30:00+00:00,LAC,HOU,1610612746,1610612745,Regular Season,1,0,0,Intuit Dome
0022600936,2027-03-08,2027-03-08 22:00:00+00:00,SAC,DEN,1610612758,1610612743,Regular Season,1,0,0,Golden 1 Center
0022600935,2027-03-08,2027-03-08 21:30:00+00:00,OKC,DAL,1610612760,1610612742,Regular Season,1,0,0,Paycom Center
0022600934,2027-03-08,2027-03-08 20:00:00+00:00,MIN,NOP,1610612750,1610612740,Regular Season,1,0,0,Target Center
0022600930,2027-03-08,2027-03-08 19:00:00+00:00,IND,CHA,1610612754,1610612766,Regular Season,1,0,0,Gainbridge Fieldhouse
0022600932,2027-03-08,2027-03-08 19:30:00+00:00,MIA,PHX,1610612748,1610612756,Regular Season,1,0,0,Kaseya Center
0022600931,2027-03-08,2027-03-08 19:00:00+00:00,PHI,UTA,1610612755,1610612762,Regular Season,1,0,0,Xfinity Mobile Arena
0022600933,2027-03-08,2027-03-08 20:00:00+00:00,MEM,ATL,1610612763,1610612737,Regular Season,1,0,0,FedExForum
0022600943,2027-03-09,2027-03-09 20:00:00+00:00,SAS,WAS,1610612759,1610612764,Regular Season,1,0,0,Frost Bank Center
0022600944,2027-03-09,2027-03-09 23:00:00+00:00,GSW,POR,1610612744,1610612757,Regular Season,1,0,0,Chase Center
0022600942,2027-03-09,2027-03-09 20:00:00+00:00,DAL,MEM,1610612742,1610612763,Regular Season,1,0,0,American Airlines Center
0022600939,2027-03-09,2027-03-09 19:30:00+00:00,BKN,MIL,1610612751,1610612749,Regular Season,1,0,0,Barclays Center
0022600940,2027-03-09,2027-03-09 20:00:00+00:00,DET,CLE,1610612765,1610612739,Regular Season,1,0,0,Little Caesars Arena
0022600938,2027-03-09,2027-03-09 19:00:00+00:00,ORL,PHX,1610612753,1610612756,Regular Season,1,0,0,Kia Center
0022600941,2027-03-09,2027-03-09 20:00:00+00:00,CHI,BOS,1610612741,1610612738,Regular Season,1,0,0,United Center
0022600945,2027-03-10,2027-03-10 19:00:00+00:00,CHA,NOP,1610612766,1610612740,Regular Season,1,0,0,Spectrum Center
0022600946,2027-03-10,2027-03-10 19:00:00+00:00,MIA,ORL,1610612748,1610612753,Regular Season,1,0,0,Kaseya Center
0022600947,2027-03-10,2027-03-10 19:30:00+00:00,TOR,OKC,1610612761,1610612760,Regular Season,1,0,0,Scotiabank Arena
0022600948,2027-03-10,2027-03-10 21:00:00+00:00,UTA,HOU,1610612762,1610612745,Regular Season,1,0,0,Delta Center
0022600949,2027-03-10,2027-03-10 21:30:00+00:00,MIN,ATL,1610612750,1610612737,Regular Season,1,0,0,Target Center
0022600950,2027-03-10,2027-03-10 22:00:00+00:00,POR,DEN,1610612757,1610612743,Regular Season,1,0,0,Moda Center
0022600951,2027-03-10,2027-03-10 22:00:00+00:00,SAC,GSW,1610612758,1610612744,Regular Season,1,0,0,Golden 1 Center
0022600952,2027-03-10,2027-03-10 22:30:00+00:00,LAC,NYK,1610612746,1610612752,Regular Season,1,0,0,Intuit Dome
0022600961,2027-03-11,2027-03-11 22:30:00+00:00,LAC,CLE,1610612746,1610612739,Regular Season,1,0,0,Intuit Dome
0022600959,2027-03-11,2027-03-11 20:00:00+00:00,DAL,WAS,1610612742,1610612764,Regular Season,1,0,0,American Airlines Center
0022600958,2027-03-11,2027-03-11 20:00:00+00:00,CHI,PHX,1610612741,1610612756,Regular Season,1,0,0,United Center
0022600957,2027-03-11,2027-03-11 20:00:00+00:00,ATL,BKN,1610612737,1610612751,Regular Season,1,0,0,State Farm Arena
0022600960,2027-03-11,2027-03-11 22:00:00+00:00,LAL,NYK,1610612747,1610612752,Regular Season,1,0,0,Crypto.com Arena
0022600955,2027-03-11,2027-03-11 19:30:00+00:00,BOS,MEM,1610612738,1610612763,Regular Season,1,0,0,TD Garden
0022600954,2027-03-11,2027-03-11 19:00:00+00:00,DET,MIL,1610612765,1610612749,Regular Season,1,0,0,Little Caesars Arena
0022600953,2027-03-11,2027-03-11 19:00:00+00:00,CHA,IND,1610612766,1610612754,Regular Season,1,0,0,Spectrum Center
0022600956,2027-03-11,2027-03-11 19:30:00+00:00,SAS,PHI,1610612759,1610612755,Regular Season,1,0,0,Frost Bank Center
0022600962,2027-03-12,2027-03-12 19:30:00+00:00,BOS,OKC,1610612738,1610612760,Regular Season,1,0,0,TD Garden
0022600963,2027-03-12,2027-03-12 20:00:00+00:00,MIL,MIA,1610612749,1610612748,Regular Season,1,0,0,Fiserv Forum
0022600964,2027-03-12,2027-03-12 20:00:00+00:00,NOP,TOR,1610612740,1610612761,Regular Season,1,0,0,Smoothie King Center
0022600965,2027-03-12,2027-03-12 21:30:00+00:00,UTA,SAC,1610612762,1610612758,Regular Season,1,0,0,Delta Center
0022600966,2027-03-12,2027-03-12 22:00:00+00:00,DEN,GSW,1610612743,1610612744,Regular Season,1,0,0,Ball Arena
0022600967,2027-03-12,2027-03-12 22:00:00+00:00,LAL,CLE,1610612747,1610612739,Regular Season,1,0,0,Crypto.com Arena
0022600975,2027-03-13,2027-03-13 22:30:00+00:00,POR,LAC,1610612757,1610612746,Regular Season,1,0,0,Moda Center
0022600974,2027-03-13,2027-03-13 20:30:00+00:00,MIN,PHI,1610612750,1610612755,Regular Season,1,0,0,Target Center
0022600973,2027-03-13,2027-03-13 20:00:00+00:00,DAL,NOP,1610612742,1610612740,Regular Season,1,0,0,American Airlines Center
0022600972,2027-03-13,2027-03-13 20:00:00+00:00,CHI,MEM,1610612741,1610612763,Regular Season,1,0,0,United Center
0022600968,2027-03-13,2027-03-13 15:00:00+00:00,ATL,ORL,1610612737,1610612753,Regular Season,1,0,0,State Farm Arena
0022600970,2027-03-13,2027-03-13 17:30:00+00:00,HOU,IND,1610612745,1610612754,Regular Season,1,0,0,Toyota Center
0022600969,2027-03-13,2027-03-13 15:00:00+00:00,DET,BKN,1610612765,1610612751,Regular Season,1,0,0,Little Caesars Arena
0022600971,2027-03-13,2027-03-13 18:00:00+00:00,CHA,PHX,1610612766,1610612756,Regular Season,1,0,0,Spectrum Center
0022600981,2027-03-14,2027-03-14 20:00:00+00:00,MIN,WAS,1610612750,1610612764,Regular Season,1,0,0,Target Center
0022600982,2027-03-14,2027-03-14 22:00:00+00:00,LAL,GSW,1610612747,1610612744,Regular Season,1,0,0,Crypto.com Arena
0022600980,2027-03-14,2027-03-14 19:30:00+00:00,DEN,MIA,1610612743,1610612748,Regular Season,1,0,0,Ball Arena
0022600976,2027-03-14,2027-03-14 12:00:00+00:00,NYK,BOS,1610612752,1610612738,Regular Season,1,0,0,Madison Square Garden
0022600978,2027-03-14,2027-03-14 17:00:00+00:00,TOR,DET,1610612761,1610612765,Regular Season,1,0,0,Scotiabank Arena
0022600977,2027-03-14,2027-03-14 14:30:00+00:00,OKC,SAS,1610612760,1610612759,Regular Season,1,0,0,Paycom Center
0022600979,2027-03-14,2027-03-14 18:00:00+00:00,SAC,CLE,1610612758,1610612739,Regular Season,1,0,0,Golden 1 Center
0022600983,2027-03-15,2027-03-15 19:00:00+00:00,PHI,TOR,1610612755,1610612761,Regular Season,1,0,0,Xfinity Mobile Arena
0022600984,2027-03-15,2027-03-15 19:30:00+00:00,BKN,IND,1610612751,1610612754,Regular Season,1,0,0,Barclays Center
0022600985,2027-03-15,2027-03-15 20:00:00+00:00,CHI,ORL,1610612741,1610612753,Regular Season,1,0,0,United Center
0022600986,2027-03-15,2027-03-15 20:00:00+00:00,MEM,PHX,1610612763,1610612756,Regular Season,1,0,0,FedExForum
0022600987,2027-03-15,2027-03-15 21:30:00+00:00,DAL,ATL,1610612742,1610612737,Regular Season,1,0,0,American Airlines Center
0022600997,2027-03-16,2027-03-16 23:00:00+00:00,LAC,DEN,1610612746,1610612743,Regular Season,1,0,0,Intuit Dome
0022600996,2027-03-16,2027-03-16 22:00:00+00:00,POR,LAL,1610612757,1610612747,Regular Season,1,0,0,Moda Center
0022600995,2027-03-16,2027-03-16 22:00:00+00:00,GSW,CLE,1610612744,1610612739,Regular Season,1,0,0,Chase Center
0022600994,2027-03-16,2027-03-16 20:30:00+00:00,HOU,SAS,1610612745,1610612759,Regular Season,1,0,0,Toyota Center
0022600993,2027-03-16,2027-03-16 20:00:00+00:00,OKC,CHA,1610612760,1610612766,Regular Season,1,0,0,Paycom Center
0022600990,2027-03-16,2027-03-16 20:00:00+00:00,IND,DET,1610612754,1610612765,Regular Season,1,0,0,Gainbridge Fieldhouse
0022600991,2027-03-16,2027-03-16 20:00:00+00:00,MIL,ORL,1610612749,1610612753,Regular Season,1,0,0,Fiserv Forum
0022600989,2027-03-16,2027-03-16 19:30:00+00:00,BOS,SAC,1610612738,1610612758,Regular Season,1,0,0,TD Garden
0022600988,2027-03-16,2027-03-16 19:00:00+00:00,WAS,NYK,1610612764,1610612752,Regular Season,1,0,0,Capital One Arena
0022600992,2027-03-16,2027-03-16 20:00:00+00:00,NOP,MIN,1610612740,1610612750,Regular Season,1,0,0,Smoothie King Center
0022601003,2027-03-17,2027-03-17 22:00:00+00:00,GSW,MEM,1610612744,1610612763,Regular Season,1,0,0,Chase Center
0022601005,2027-03-17,2027-03-17 22:00:00+00:00,POR,MIA,1610612757,1610612748,Regular Season,1,0,0,Moda Center
0022601004,2027-03-17,2027-03-17 22:00:00+00:00,LAL,PHX,1610612747,1610612756,Regular Season,1,0,0,Crypto.com Arena
0022601002,2027-03-17,2027-03-17 21:00:00+00:00,UTA,ATL,1610612762,1610612737,Regular Season,1,0,0,Delta Center
0022600998,2027-03-17,2027-03-17 19:00:00+00:00,PHI,CHI,1610612755,1610612741,Regular Season,1,0,0,Xfinity Mobile Arena
0022601000,2027-03-17,2027-03-17 19:30:00+00:00,OKC,DAL,1610612760,1610612742,Regular Season,1,0,0,Paycom Center
0022600999,2027-03-17,2027-03-17 19:30:00+00:00,NYK,SAC,1610612752,1610612758,Regular Season,1,0,0,Madison Square Garden
0022601001,2027-03-17,2027-03-17 20:30:00+00:00,HOU,BKN,1610612745,1610612751,Regular Season,1,0,0,Toyota Center
0022601006,2027-03-18,2027-03-18 19:00:00+00:00,IND,TOR,1610612754,1610612761,Regular Season,1,0,0,Gainbridge Fieldhouse
0022601007,2027-03-18,2027-03-18 19:00:00+00:00,WAS,PHI,1610612764,1610612755,Regular Season,1,0,0,Capital One Arena
0022601008,2027-03-18,2027-03-18 19:30:00+00:00,BOS,ORL,1610612738,1610612753,Regular Season,1,0,0,TD Garden
0022601009,2027-03-18,2027-03-18 20:00:00+00:00,MIL,DET,1610612749,1610612765,Regular Season,1,0,0,Fiserv Forum
0022601010,2027-03-18,2027-03-18 20:00:00+00:00,NOP,CHA,1610612740,1610612766,Regular Season,1,0,0,Smoothie King Center
0022601011,2027-03-18,2027-03-18 20:00:00+00:00,SAS,BKN,1610612759,1610612751,Regular Season,1,0,0,Frost Bank Center
0022601012,2027-03-18,2027-03-18 21:00:00+00:00,DEN,CLE,1610612743,1610612739,Regular Season,1,0,0,Ball Arena
0022601013,2027-03-18,2027-03-18 21:00:00+00:00,UTA,MIN,1610612762,1610612750,Regular Season,1,0,0,Delta Center
0022601014,2027-03-18,2027-03-18 22:30:00+00:00,LAC,MEM,1610612746,1610612763,Regular Season,1,0,0,Intuit Dome
0022601020,2027-03-19,2027-03-19 22:30:00+00:00,PHX,MIA,1610612756,1610612748,Regular Season,1,0,0,Mortgage Matchup Center
0022601019,2027-03-19,2027-03-19 22:00:00+00:00,LAL,ATL,1610612747,1610612737,Regular Season,1,0,0,Crypto.com Arena
0022601018,2027-03-19,2027-03-19 22:00:00+00:00,GSW,POR,1610612744,1610612757,Regular Season,1,0,0,Chase Center
0022601016,2027-03-19,2027-03-19 20:00:00+00:00,NOP,HOU,1610612740,1610612745,Regular Season,1,0,0,Smoothie King Center
0022601015,2027-03-19,2027-03-19 19:30:00+00:00,TOR,SAC,1610612761,1610612758,Regular Season,1,0,0,Scotiabank Arena
0022601017,2027-03-19,2027-03-19 20:00:00+00:00,SAS,DAL,1610612759,1610612742,Regular Season,1,0,0,Frost Bank Center
0022601021,2027-03-20,2027-03-20 13:00:00+00:00,NYK,WAS,1610612752,1610612764,Regular Season,1,0,0,Madison Square Garden
0022601022,2027-03-20,2027-03-20 19:00:00+00:00,ORL,DEN,1610612753,1610612743,Regular Season,1,0,0,Kia Center
0022601023,2027-03-20,2027-03-20 19:30:00+00:00,CLE,CHI,1610612739,1610612741,Regular Season,1,0,0,Rocket Arena
0022601024,2027-03-20,2027-03-20 20:00:00+00:00,DET,CHA,1610612765,1610612766,Regular Season,1,0,0,Little Caesars Arena
0022601025,2027-03-20,2027-03-20 20:00:00+00:00,MEM,OKC,1610612763,1610612760,Regular Season,1,0,0,FedExForum
0022601026,2027-03-20,2027-03-20 20:00:00+00:00,MIL,IND,1610612749,1610612754,Regular Season,1,0,0,Fiserv Forum
0022601027,2027-03-20,2027-03-20 22:30:00+00:00,LAC,ATL,1610612746,1610612737,Regular Season,1,0,0,Intuit Dome
0022601034,2027-03-21,2027-03-21 22:00:00+00:00,LAL,DAL,1610612747,1610612742,Regular Season,1,0,0,Crypto.com Arena
0022601033,2027-03-21,2027-03-21 19:30:00+00:00,PHI,SAS,1610612755,1610612759,Regular Season,1,0,0,Xfinity Mobile Arena
0022601032,2027-03-21,2027-03-21 18:00:00+00:00,MIA,DEN,1610612748,1610612743,Regular Season,1,0,0,Kaseya Center
0022601028,2027-03-21,2027-03-21 15:00:00+00:00,BOS,NOP,1610612738,1610612740,Regular Season,1,0,0,TD Garden
0022601030,2027-03-21,2027-03-21 17:00:00+00:00,UTA,TOR,1610612762,1610612761,Regular Season,1,0,0,Delta Center
0022601029,2027-03-21,2027-03-21 15:00:00+00:00,BKN,SAC,1610612751,1610612758,Regular Season,1,0,0,Barclays Center
0022601031,2027-03-21,2027-03-21 17:00:00+00:00,PHX,POR,1610612756,1610612757,Regular Season,1,0,0,Mortgage Matchup Center
0022601040,2027-03-22,2027-03-22 21:30:00+00:00,MIN,DET,1610612750,1610612765,Regular Season,1,0,0,Target Center
0022601041,2027-03-22,2027-03-22 22:00:00+00:00,GSW,ATL,1610612744,1610612737,Regular Season,1,0,0,Chase Center
0022601042,2027-03-22,2027-03-22 22:30:00+00:00,LAC,DAL,1610612746,1610612742,Regular Season,1,0,0,Intuit Dome
0022601039,2027-03-22,2027-03-22 20:00:00+00:00,MIL,WAS,1610612749,1610612764,Regular Season,1,0,0,Fiserv Forum
0022601036,2027-03-22,2027-03-22 19:00:00+00:00,ORL,IND,1610612753,1610612754,Regular Season,1,0,0,Kia Center
0022601037,2027-03-22,2027-03-22 20:00:00+00:00,CHI,SAC,1610612741,1610612758,Regular Season,1,0,0,United Center
0022601035,2027-03-22,2027-03-22 19:00:00+00:00,CLE,HOU,1610612739,1610612745,Regular Season,1,0,0,Rocket Arena
0022601038,2027-03-22,2027-03-22 20:00:00+00:00,MEM,CHA,1610612763,1610612766,Regular Season,1,0,0,FedExForum
0022601043,2027-03-23,2027-03-23 19:30:00+00:00,BKN,BOS,1610612751,1610612738,Regular Season,1,0,0,Barclays Center
0022601044,2027-03-23,2027-03-23 19:30:00+00:00,NYK,NOP,1610612752,1610612740,Regular Season,1,0,0,Madison Square Garden
0022601045,2027-03-23,2027-03-23 20:00:00+00:00,MIA,LAL,1610612748,1610612747,Regular Season,1,0,0,Kaseya Center
0022601046,2027-03-23,2027-03-23 21:00:00+00:00,UTA,PHI,1610612762,1610612755,Regular Season,1,0,0,Delta Center
0022601047,2027-03-23,2027-03-23 22:00:00+00:00,POR,TOR,1610612757,1610612761,Regular Season,1,0,0,Moda Center
0022601048,2027-03-23,2027-03-23 23:00:00+00:00,PHX,OKC,1610612756,1610612760,Regular Season,1,0,0,Mortgage Matchup Center
0022601056,2027-03-24,2027-03-24 22:00:00+00:00,GSW,PHI,1610612744,1610612755,Regular Season,1,0,0,Chase Center
0022601058,2027-03-24,2027-03-24 22:00:00+00:00,SAC,ATL,1610612758,1610612737,Regular Season,1,0,0,Golden 1 Center
0022601059,2027-03-24,2027-03-24 22:30:00+00:00,LAC,MIL,1610612746,1610612749,Regular Season,1,0,0,Intuit Dome
0022601057,2027-03-24,2027-03-24 22:00:00+00:00,PHX,OKC,1610612756,1610612760,Regular Season,1,0,0,Mortgage Matchup Center
0022601055,2027-03-24,2027-03-24 20:00:00+00:00,MIN,DAL,1610612750,1610612742,Regular Season,1,0,0,Target Center
0022601050,2027-03-24,2027-03-24 19:00:00+00:00,IND,MEM,1610612754,1610612763,Regular Season,1,0,0,Gainbridge Fieldhouse
0022601053,2027-03-24,2027-03-24 19:30:00+00:00,NYK,HOU,1610612752,1610612745,Regular Season,1,0,0,Madison Square Garden
0022601052,2027-03-24,2027-03-24 19:30:00+00:00,BOS,SAS,1610612738,1610612759,Regular Season,1,0,0,TD Garden
0022601051,2027-03-24,2027-03-24 19:00:00+00:00,WAS,DEN,1610612764,1610612743,Regular Season,1,0,0,Capital One Arena
0022601049,2027-03-24,2027-03-24 19:00:00+00:00,CHA,DET,1610612766,1610612765,Regular Season,1,0,0,Spectrum Center
0022601054,2027-03-24,2027-03-24 20:00:00+00:00,CHI,ORL,1610612741,1610612753,Regular Season,1,0,0,United Center
0022601060,2027-03-25,2027-03-25 19:00:00+00:00,CLE,LAL,1610612739,1610612747,Regular Season,1,0,0,Rocket Arena
0022601061,2027-03-25,2027-03-25 19:00:00+00:00,DET,HOU,1610612765,1610612745,Regular Season,1,0,0,Little Caesars Arena
0022601062,2027-03-25,2027-03-25 19:00:00+00:00,IND,SAS,1610612754,1610612759,Regular Season,1,0,0,Gainbridge Fieldhouse
0022601063,2027-03-25,2027-03-25 19:30:00+00:00,BKN,DEN,1610612751,1610612743,Regular Season,1,0,0,Barclays Center
0022601064,2027-03-25,2027-03-25 19:30:00+00:00,MIA,UTA,1610612748,1610612762,Regular Season,1,0,0,Kaseya Center
0022601065,2027-03-25,2027-03-25 20:00:00+00:00,MEM,CHI,1610612763,1610612741,Regular Season,1,0,0,FedExForum
0022601066,2027-03-25,2027-03-25 22:00:00+00:00,GSW,TOR,1610612744,1610612761,Regular Season,1,0,0,Chase Center
0022601072,2027-03-26,2027-03-26 22:00:00+00:00,POR,PHI,1610612757,1610612755,Regular Season,1,0,0,Moda Center
0022601071,2027-03-26,2027-03-26 22:00:00+00:00,PHX,MIL,1610612756,1610612749,Regular Season,1,0,0,Mortgage Matchup Center
0022601070,2027-03-26,2027-03-26 20:00:00+00:00,OKC,LAC,1610612760,1610612746,Regular Season,1,0,0,Paycom Center
0022601069,2027-03-26,2027-03-26 20:00:00+00:00,MIN,ORL,1610612750,1610612753,Regular Season,1,0,0,Target Center
0022601068,2027-03-26,2027-03-26 20:00:00+00:00,DAL,NOP,1610612742,1610612740,Regular Season,1,0,0,American Airlines Center
0022601067,2027-03-26,2027-03-26 19:00:00+00:00,CHA,NYK,1610612766,1610612752,Regular Season,1,0,0,Spectrum Center
0022601073,2027-03-27,2027-03-27 15:00:00+00:00,DET,SAS,1610612765,1610612759,Regular Season,1,0,0,Little Caesars Arena
0022601074,2027-03-27,2027-03-27 19:00:00+00:00,ATL,UTA,1610612737,1610612762,Regular Season,1,0,0,State Farm Arena
0022601075,2027-03-27,2027-03-27 19:00:00+00:00,WAS,GSW,1610612764,1610612744,Regular Season,1,0,0,Capital One Arena
0022601076,2027-03-27,2027-03-27 20:00:00+00:00,MIA,BOS,1610612748,1610612738,Regular Season,1,0,0,Kaseya Center
0022601077,2027-03-27,2027-03-27 20:00:00+00:00,CHI,LAC,1610612741,1610612746,Regular Season,1,0,0,United Center
0022601078,2027-03-27,2027-03-27 22:00:00+00:00,POR,MIL,1610612757,1610612749,Regular Season,1,0,0,Moda Center
0022601079,2027-03-27,2027-03-27 22:00:00+00:00,SAC,TOR,1610612758,1610612761,Regular Season,1,0,0,Golden 1 Center
0022601087,2027-03-28,2027-03-28 21:00:00+00:00,PHX,TOR,1610612756,1610612761,Regular Season,1,0,0,Mortgage Matchup Center
0022601086,2027-03-28,2027-03-28 19:30:00+00:00,MIN,OKC,1610612750,1610612760,Regular Season,1,0,0,Target Center
0022601085,2027-03-28,2027-03-28 19:00:00+00:00,NOP,BOS,1610612740,1610612738,Regular Season,1,0,0,Smoothie King Center
0022601084,2027-03-28,2027-03-28 18:00:00+00:00,WAS,DAL,1610612764,1610612742,Regular Season,1,0,0,Capital One Arena
0022601088,2027-03-28,2027-03-28 22:00:00+00:00,DEN,PHI,1610612743,1610612755,Regular Season,1,0,0,Ball Arena
0022601082,2027-03-28,2027-03-28 15:00:00+00:00,HOU,LAL,1610612745,1610612747,Regular Season,1,0,0,Toyota Center
0022601081,2027-03-28,2027-03-28 15:00:00+00:00,BKN,MEM,1610612751,1610612763,Regular Season,1,0,0,Barclays Center
0022601080,2027-03-28,2027-03-28 12:30:00+00:00,ORL,NYK,1610612753,1610612752,Regular Season,1,0,0,Kia Center
0022601083,2027-03-28,2027-03-28 18:00:00+00:00,CHA,UTA,1610612766,1610612762,Regular Season,1,0,0,Spectrum Center
0022601095,2027-03-29,2027-03-29 21:30:00+00:00,SAS,PHX,1610612759,1610612756,Regular Season,1,0,0,Frost Bank Center
0022601094,2027-03-29,2027-03-29 20:00:00+00:00,MIL,DAL,1610612749,1610612742,Regular Season,1,0,0,Fiserv Forum
0022601093,2027-03-29,2027-03-29 20:00:00+00:00,CHI,IND,1610612741,1610612754,Regular Season,1,0,0,United Center
0022601096,2027-03-29,2027-03-29 22:00:00+00:00,SAC,DEN,1610612758,1610612743,Regular Season,1,0,0,Golden 1 Center
0022601091,2027-03-29,2027-03-29 19:00:00+00:00,DET,LAC,1610612765,1610612746,Regular Season,1,0,0,Little Caesars Arena
0022601090,2027-03-29,2027-03-29 19:00:00+00:00,CLE,MIA,1610612739,1610612748,Regular Season,1,0,0,Rocket Arena
0022601089,2027-03-29,2027-03-29 19:00:00+00:00,ATL,MIN,1610612737,1610612750,Regular Season,1,0,0,State Farm Arena
0022601092,2027-03-29,2027-03-29 19:30:00+00:00,BKN,GSW,1610612751,1610612744,Regular Season,1,0,0,Barclays Center
0022601097,2027-03-30,2027-03-30 19:00:00+00:00,CHA,MIA,1610612766,1610612748,Regular Season,1,0,0,Spectrum Center
0022601098,2027-03-30,2027-03-30 20:00:00+00:00,IND,BOS,1610612754,1610612738,Regular Season,1,0,0,Gainbridge Fieldhouse
0022601099,2027-03-30,2027-03-30 20:00:00+00:00,ORL,NYK,1610612753,1610612752,Regular Season,1,0,0,Kia Center
0022601100,2027-03-30,2027-03-30 20:00:00+00:00,MEM,LAL,1610612763,1610612747,Regular Season,1,0,0,FedExForum
0022601101,2027-03-30,2027-03-30 21:00:00+00:00,UTA,OKC,1610612762,1610612760,Regular Season,1,0,0,Delta Center
0022601102,2027-03-30,2027-03-30 23:00:00+00:00,POR,HOU,1610612757,1610612745,Regular Season,1,0,0,Moda Center
0022601109,2027-03-31,2027-03-31 20:00:00+00:00,MIN,SAC,1610612750,1610612758,Regular Season,1,0,0,Target Center
0022601112,2027-03-31,2027-03-31 22:00:00+00:00,POR,HOU,1610612757,1610612745,Regular Season,1,0,0,Moda Center
0022601111,2027-03-31,2027-03-31 21:30:00+00:00,DAL,DEN,1610612742,1610612743,Regular Season,1,0,0,American Airlines Center
0022601110,2027-03-31,2027-03-31 20:00:00+00:00,SAS,PHX,1610612759,1610612756,Regular Season,1,0,0,Frost Bank Center
0022601108,2027-03-31,2027-03-31 20:00:00+00:00,MIL,NOP,1610612749,1610612740,Regular Season,1,0,0,Fiserv Forum
0022601103,2027-03-31,2027-03-31 19:00:00+00:00,ATL,LAC,1610612737,1610612746,Regular Season,1,0,0,State Farm Arena
0022601106,2027-03-31,2027-03-31 19:00:00+00:00,WAS,CHI,1610612764,1610612741,Regular Season,1,0,0,Capital One Arena
0022601105,2027-03-31,2027-03-31 19:00:00+00:00,PHI,GSW,1610612755,1610612744,Regular Season,1,0,0,Xfinity Mobile Arena
0022601104,2027-03-31,2027-03-31 19:00:00+00:00,DET,TOR,1610612765,1610612761,Regular Season,1,0,0,Little Caesars Arena
0022601107,2027-03-31,2027-03-31 19:30:00+00:00,BKN,CLE,1610612751,1610612739,Regular Season,1,0,0,Barclays Center
0022601113,2027-04-01,2027-04-01 19:00:00+00:00,CLE,BOS,1610612739,1610612738,Regular Season,1,0,0,Rocket Arena
0022601114,2027-04-01,2027-04-01 19:00:00+00:00,IND,ORL,1610612754,1610612753,Regular Season,1,0,0,Gainbridge Fieldhouse
0022601115,2027-04-01,2027-04-01 19:30:00+00:00,NYK,CHA,1610612752,1610612766,Regular Season,1,0,0,Madison Square Garden
0022601116,2027-04-01,2027-04-01 21:30:00+00:00,OKC,LAL,1610612760,1610612747,Regular Season,1,0,0,Paycom Center
0022601124,2027-04-02,2027-04-02 20:30:00+00:00,TOR,ATL,1610612761,1610612737,Regular Season,1,0,0,Scotiabank Arena
0022601128,2027-04-02,2027-04-02 22:30:00+00:00,LAC,SAS,1610612746,1610612759,Regular Season,1,0,0,Intuit Dome
0022601126,2027-04-02,2027-04-02 22:00:00+00:00,PHX,DEN,1610612756,1610612743,Regular Season,1,0,0,Mortgage Matchup Center
0022601125,2027-04-02,2027-04-02 20:30:00+00:00,HOU,MEM,1610612745,1610612763,Regular Season,1,0,0,Toyota Center
0022601123,2027-04-02,2027-04-02 20:00:00+00:00,MIL,CHA,1610612749,1610612766,Regular Season,1,0,0,Fiserv Forum
0022601127,2027-04-02,2027-04-02 22:00:00+00:00,POR,UTA,1610612757,1610612762,Regular Season,1,0,0,Moda Center
0022601121,2027-04-02,2027-04-02 20:00:00+00:00,CHI,DET,1610612741,1610612765,Regular Season,1,0,0,United Center
0022601117,2027-04-02,2027-04-02 19:00:00+00:00,WAS,PHI,1610612764,1610612755,Regular Season,1,0,0,Capital One Arena
0022601118,2027-04-02,2027-04-02 19:30:00+00:00,BOS,MIA,1610612738,1610612748,Regular Season,1,0,0,TD Garden
0022601122,2027-04-02,2027-04-02 20:00:00+00:00,DAL,SAC,1610612742,1610612758,Regular Season,1,0,0,American Airlines Center
0022601120,2027-04-02,2027-04-02 19:30:00+00:00,MIN,GSW,1610612750,1610612744,Regular Season,1,0,0,Target Center
0022601119,2027-04-02,2027-04-02 19:30:00+00:00,BKN,NYK,1610612751,1610612752,Regular Season,1,0,0,Barclays Center
0022601129,2027-04-03,2027-04-03 17:00:00+00:00,OKC,NOP,1610612760,1610612740,Regular Season,1,0,0,Paycom Center
0022601130,2027-04-03,2027-04-03 19:00:00+00:00,ORL,WAS,1610612753,1610612764,Regular Season,1,0,0,Kia Center
0022601143,2027-04-04,2027-04-04 22:00:00+00:00,LAL,SAS,1610612747,1610612759,Regular Season,1,0,0,Crypto.com Arena
0022601141,2027-04-04,2027-04-04 18:00:00+00:00,SAC,GSW,1610612758,1610612744,Regular Season,1,0,0,Golden 1 Center
0022601140,2027-04-04,2027-04-04 17:00:00+00:00,UTA,POR,1610612762,1610612757,Regular Season,1,0,0,Delta Center
0022601139,2027-04-04,2027-04-04 17:00:00+00:00,DEN,MEM,1610612743,1610612763,Regular Season,1,0,0,Ball Arena
0022601138,2027-04-04,2027-04-04 16:30:00+00:00,LAC,PHX,1610612746,1610612756,Regular Season,1,0,0,Intuit Dome
0022601137,2027-04-04,2027-04-04 16:00:00+00:00,HOU,CHI,1610612745,1610612741,Regular Season,1,0,0,Toyota Center
0022601142,2027-04-04,2027-04-04 19:30:00+00:00,NYK,BOS,1610612752,1610612738,Regular Season,1,0,0,Madison Square Garden
0022601135,2027-04-04,2027-04-04 15:00:00+00:00,DAL,MIN,1610612742,1610612750,Regular Season,1,0,0,American Airlines Center
0022601134,2027-04-04,2027-04-04 15:00:00+00:00,DET,MIA,1610612765,1610612748,Regular Season,1,0,0,Little Caesars Arena
0022601133,2027-04-04,2027-04-04 15:00:00+00:00,CLE,CHA,1610612739,1610612766,Regular Season,1,0,0,Rocket Arena
0022601132,2027-04-04,2027-04-04 14:00:00+00:00,MIL,BKN,1610612749,1610612751,Regular Season,1,0,0,Fiserv Forum
0022601136,2027-04-04,2027-04-04 15:30:00+00:00,TOR,IND,1610612761,1610612754,Regular Season,1,0,0,Scotiabank Arena
0022601131,2027-04-04,2027-04-04 13:00:00+00:00,PHI,ATL,1610612755,1610612737,Regular Season,1,0,0,Xfinity Mobile Arena
0022601146,2027-04-05,2027-04-05 20:00:00+00:00,NOP,WAS,1610612740,1610612764,Regular Season,1,0,0,Smoothie King Center
0022601144,2027-04-05,2027-04-05 19:00:00+00:00,CLE,BKN,1610612739,1610612751,Regular Season,1,0,0,Rocket Arena
0022601145,2027-04-05,2027-04-05 19:00:00+00:00,ORL,MIA,1610612753,1610612748,Regular Season,1,0,0,Kia Center
0022601147,2027-04-06,2027-04-06 19:00:00+00:00,CHA,IND,1610612766,1610612754,Regular Season,1,0,0,Spectrum Center
0022601148,2027-04-06,2027-04-06 19:30:00+00:00,TOR,PHI,1610612761,1610612755,Regular Season,1,0,0,Scotiabank Arena
0022601150,2027-04-06,2027-04-06 20:00:00+00:00,MEM,DET,1610612763,1610612765,Regular Season,1,0,0,FedExForum
0022601151,2027-04-06,2027-04-06 20:00:00+00:00,MIL,CHI,1610612749,1610612741,Regular Season,1,0,0,Fiserv Forum
0022601152,2027-04-06,2027-04-06 20:00:00+00:00,SAS,SAC,1610612759,1610612758,Regular Season,1,0,0,Frost Bank Center
0022601153,2027-04-06,2027-04-06 21:00:00+00:00,DEN,NOP,1610612743,1610612740,Regular Season,1,0,0,Ball Arena
0022601154,2027-04-06,2027-04-06 21:00:00+00:00,UTA,OKC,1610612762,1610612760,Regular Season,1,0,0,Delta Center
0022601155,2027-04-06,2027-04-06 22:00:00+00:00,LAL,DAL,1610612747,1610612742,Regular Season,1,0,0,Crypto.com Arena
0022601156,2027-04-06,2027-04-06 22:30:00+00:00,LAC,MIN,1610612746,1610612750,Regular Season,1,0,0,Intuit Dome
0022601157,2027-04-06,2027-04-06 23:00:00+00:00,GSW,PHX,1610612744,1610612756,Regular Season,1,0,0,Chase Center
0022601149,2027-04-06,2027-04-06 20:00:00+00:00,ATL,NYK,1610612737,1610612752,Regular Season,1,0,0,State Farm Arena
0022601166,2027-04-07,2027-04-07 22:00:00+00:00,POR,DAL,1610612757,1610612742,Regular Season,1,0,0,Moda Center
0022601163,2027-04-07,2027-04-07 20:00:00+00:00,MEM,WAS,1610612763,1610612764,Regular Season,1,0,0,FedExForum
0022601165,2027-04-07,2027-04-07 22:00:00+00:00,LAL,MIN,1610612747,1610612750,Regular Season,1,0,0,Crypto.com Arena
0022601164,2027-04-07,2027-04-07 20:30:00+00:00,HOU,SAC,1610612745,1610612758,Regular Season,1,0,0,Toyota Center
0022601161,2027-04-07,2027-04-07 19:30:00+00:00,SAS,CLE,1610612759,1610612739,Regular Season,1,0,0,Frost Bank Center
0022601160,2027-04-07,2027-04-07 19:30:00+00:00,TOR,BKN,1610612761,1610612751,Regular Season,1,0,0,Scotiabank Arena
0022601159,2027-04-07,2027-04-07 19:00:00+00:00,ORL,BOS,1610612753,1610612738,Regular Season,1,0,0,Kia Center
0022601158,2027-04-07,2027-04-07 19:00:00+00:00,DET,IND,1610612765,1610612754,Regular Season,1,0,0,Little Caesars Arena
0022601162,2027-04-07,2027-04-07 20:00:00+00:00,CHI,CHA,1610612741,1610612766,Regular Season,1,0,0,United Center
0022601167,2027-04-08,2027-04-08 19:00:00+00:00,MIA,PHI,1610612748,1610612755,Regular Season,1,0,0,Kaseya Center
0022601168,2027-04-08,2027-04-08 20:00:00+00:00,MIL,NYK,1610612749,1610612752,Regular Season,1,0,0,Fiserv Forum
0022601169,2027-04-08,2027-04-08 21:00:00+00:00,DEN,LAC,1610612743,1610612746,Regular Season,1,0,0,Ball Arena
0022601170,2027-04-08,2027-04-08 21:00:00+00:00,UTA,NOP,1610612762,1610612740,Regular Season,1,0,0,Delta Center
0022601171,2027-04-08,2027-04-08 21:30:00+00:00,OKC,GSW,1610612760,1610612744,Regular Season,1,0,0,Paycom Center
0022601185,2027-04-09,2027-04-09 22:00:00+00:00,SAC,DAL,1610612758,1610612742,Regular Season,1,0,0,Golden 1 Center
0022601184,2027-04-09,2027-04-09 22:00:00+00:00,PHX,MEM,1610612756,1610612763,Regular Season,1,0,0,Mortgage Matchup Center
0022601183,2027-04-09,2027-04-09 22:00:00+00:00,LAL,MIN,1610612747,1610612750,Regular Season,1,0,0,Crypto.com Arena
0022601182,2027-04-09,2027-04-09 21:30:00+00:00,UTA,LAC,1610612762,1610612746,Regular Season,1,0,0,Delta Center
0022601180,2027-04-09,2027-04-09 20:30:00+00:00,HOU,POR,1610612745,1610612757,Regular Season,1,0,0,Toyota Center
0022601179,2027-04-09,2027-04-09 20:00:00+00:00,OKC,GSW,1610612760,1610612744,Regular Season,1,0,0,Paycom Center
0022601181,2027-04-09,2027-04-09 21:30:00+00:00,SAS,DEN,1610612759,1610612743,Regular Season,1,0,0,Frost Bank Center
0022601177,2027-04-09,2027-04-09 20:00:00+00:00,MIA,WAS,1610612748,1610612764,Regular Season,1,0,0,Kaseya Center
0022601176,2027-04-09,2027-04-09 19:00:00+00:00,ORL,TOR,1610612753,1610612761,Regular Season,1,0,0,Kia Center
0022601175,2027-04-09,2027-04-09 19:00:00+00:00,NYK,DET,1610612752,1610612765,Regular Season,1,0,0,Madison Square Garden
0022601174,2027-04-09,2027-04-09 19:00:00+00:00,IND,CLE,1610612754,1610612739,Regular Season,1,0,0,Gainbridge Fieldhouse
0022601173,2027-04-09,2027-04-09 19:00:00+00:00,CHA,BKN,1610612766,1610612751,Regular Season,1,0,0,Spectrum Center
0022601172,2027-04-09,2027-04-09 19:00:00+00:00,ATL,BOS,1610612737,1610612738,Regular Season,1,0,0,State Farm Arena
0022601178,2027-04-09,2027-04-09 20:00:00+00:00,CHI,MIL,1610612741,1610612749,Regular Season,1,0,0,United Center
0022601198,2027-04-11,2027-04-11 20:30:00+00:00,GSW,UTA,1610612744,1610612762,Regular Season,1,0,0,Chase Center
0022601197,2027-04-11,2027-04-11 20:30:00+00:00,DEN,OKC,1610612743,1610612760,Regular Season,1,0,0,Ball Arena
0022601196,2027-04-11,2027-04-11 20:30:00+00:00,SAS,POR,1610612759,1610612757,Regular Season,1,0,0,Frost Bank Center
0022601195,2027-04-11,2027-04-11 20:30:00+00:00,MIN,HOU,1610612750,1610612745,Regular Season,1,0,0,Target Center
0022601194,2027-04-11,2027-04-11 20:30:00+00:00,DAL,MEM,1610612742,1610612763,Regular Season,1,0,0,American Airlines Center
0022601193,2027-04-11,2027-04-11 18:00:00+00:00,NOP,CHI,1610612740,1610612741,Regular Season,1,0,0,Smoothie King Center
0022601189,2027-04-11,2027-04-11 18:00:00+00:00,MIA,ORL,1610612748,1610612753,Regular Season,1,0,0,Kaseya Center
0022601191,2027-04-11,2027-04-11 18:00:00+00:00,PHI,CHA,1610612755,1610612766,Regular Season,1,0,0,Xfinity Mobile Arena
0022601190,2027-04-11,2027-04-11 18:00:00+00:00,NYK,IND,1610612752,1610612754,Regular Season,1,0,0,Madison Square Garden
0022601188,2027-04-11,2027-04-11 18:00:00+00:00,CLE,ATL,1610612739,1610612737,Regular Season,1,0,0,Rocket Arena
0022601187,2027-04-11,2027-04-11 18:00:00+00:00,BKN,TOR,1610612751,1610612761,Regular Season,1,0,0,Barclays Center
0022601186,2027-04-11,2027-04-11 18:00:00+00:00,BOS,MIL,1610612738,1610612749,Regular Season,1,0,0,TD Garden
0022601199,2027-04-11,2027-04-11 20:30:00+00:00,LAC,SAC,1610612746,1610612758,Regular Season,1,0,0,Intuit Dome
0022601192,2027-04-11,2027-04-11 18:00:00+00:00,WAS,DET,1610612764,1610612765,Regular Season,1,0,0,Capital One Arena
0022601200,2027-04-11,2027-04-11 20:30:00+00:00,LAL,PHX,1610612747,1610612756,Regular Season,1,0,0,Crypto.com Arena
